Jumlah Mahasiswa,Jumlah Dosen,Jumlah Program Studi,Fasilitas Olahraga,Wisma/Asrama/Hotel,Teknologi Informasi,Public Area,PERS Mahasiswa,Asuransi,Gedung Pertemuan,Laboratorium,Poliklinik,Bus Kampus,Kalender Pendidikan,Pusat Pelatihan Bahasa,Perpustakaan,Sarana Ibadah,Free Hotspot,Jumlah Fasilitas,Bus Umum,Restaurant,Tempat Ibadah,Kos/Asrama,Terminal Bus,Café,Tempat Olahraga,Bandara,Mall,Rumah Sakit,Stasiun Kereta,Supermarket,Apotek,Jumlah Tempat Umum Terdekat,Akreditasi,Ranking Nasional
29332,538,49,1,1,1,1,1,1,1,1,1,1,1,1,1,1,1,15,1,1,1,1,1,1,1,1,1,1,1,1,1,13,3,21
17208,440,41,1,1,1,1,1,1,1,1,1,0,1,1,1,1,1,14,1,1,1,1,1,1,1,1,1,1,1,1,1,13,3,26
25754,468,34,1,1,1,1,1,1,1,1,1,0,1,1,1,1,1,14,1,1,1,1,1,1,1,1,1,1,1,1,1,13,3,27
11106,305,16,1,1,1,1,1,0,1,1,1,1,1,1,1,1,1,14,1,1,1,1,1,1,1,1,1,1,1,1,1,13,3,47
10728,332,40,1,1,1,1,1,0,1,1,1,1,1,1,1,1,1,14,1,1,1,1,1,1,1,1,1,1,1,1,1,13,3,48
4007,152,16,1,0,1,0,1,0,1,1,1,0,1,1,1,1,1,11,1,1,1,1,1,1,1,1,1,1,1,1,1,13,3,57
4324,109,13,1,1,1,1,1,0,1,1,1,1,1,1,1,1,1,14,1,1,1,1,1,1,1,1,1,1,1,1,1,13,2,83
889,304,16,1,0,1,0,1,0,1,1,1,0,1,1,1,1,1,11,1,1,1,1,1,1,1,1,1,1,1,1,1,13,2,84
3891,107,15,1,0,0,0,0,0,0,0,0,0,1,0,1,1,1,5,1,1,1,1,1,1,1,0,0,1,0,1,1,10,2,105
9687,197,26,1,1,1,1,1,1,1,1,1,1,1,1,1,1,1,14,1,1,1,1,1,1,1,1,1,1,1,1,1,13,2,119
4912,188,15,1,1,1,0,0,0,1,1,1,1,1,1,1,1,1,12,1,1,1,1,1,1,1,1,1,1,1,1,1,13,1,136
1923,221,23,1,0,1,0,0,0,0,1,1,0,1,0,1,1,1,8,1,1,1,1,1,1,1,1,1,1,0,1,1,12,1,151
5217,107,16,1,0,0,0,0,0,0,0,0,0,1,0,1,1,1,5,1,1,1,1,1,1,1,0,0,1,0,1,1,10,2,178
2504,63,5,1,0,0,0,0,0,0,0,0,0,1,0,1,1,1,5,1,1,1,1,1,1,1,0,0,1,0,1,1,10,2,186
3282,124,11,1,0,0,0,0,0,0,0,0,0,1,0,1,1,1,5,1,1,1,1,1,1,1,0,0,1,1,1,1,11,2,214
3903,66,6,1,0,1,0,0,0,0,0,0,0,1,0,1,1,1,6,1,1,1,1,1,1,1,1,1,1,0,1,1,11,2,243
2247,70,10,1,0,1,0,0,1,1,1,0,0,1,0,1,1,1,9,1,1,1,1,1,1,1,1,1,1,1,1,1,13,2,256
184,18,3,1,0,1,0,1,0,1,1,0,0,1,0,1,1,1,9,1,1,1,1,1,1,1,1,1,1,1,1,1,13,1,336
1006,47,9,1,0,0,0,0,0,0,0,0,0,1,0,1,1,1,5,1,1,1,1,1,1,1,0,0,1,0,1,1,10,1,359
1252,66,6,1,0,0,0,0,0,0,0,0,0,1,0,1,1,1,5,1,1,1,1,1,1,1,0,0,1,0,1,1,10,1,364
687,43,7,1,0,0,0,0,0,0,0,0,0,1,0,1,1,1,5,1,1,1,1,1,1,1,0,0,1,0,1,1,10,1,371
192,24,1,1,0,0,0,0,0,0,0,0,0,1,0,1,1,1,5,1,1,1,1,1,1,1,0,0,1,0,1,1,10,1,485
163,19,5,1,0,0,0,0,0,0,0,0,0,1,0,1,1,1,5,1,1,1,1,1,1,1,0,0,1,0,1,1,10,1,498
129,12,2,1,0,0,0,0,0,0,0,0,0,1,0,1,1,1,5,1,1,1,1,1,1,1,0,0,1,0,1,1,10,1,537
181,58,5,1,0,0,0,0,0,0,0,0,0,1,0,1,1,1,5,1,1,1,1,1,1,1,0,0,1,0,1,1,10,1,597
130,38,1,1,0,0,0,0,0,0,0,0,0,1,0,1,1,1,5,1,1,1,1,1,1,1,0,0,1,0,1,1,10,1,610
28,7,1,1,0,0,0,0,0,0,0,0,0,1,0,1,1,1,5,1,1,1,1,1,1,1,0,0,1,0,1,1,10,1,681
302,72,6,1,0,0,0,0,0,0,0,0,0,1,0,1,1,1,5,1,1,1,1,1,1,1,0,0,1,0,1,1,10,1,664
44,9,1,1,0,0,0,0,0,0,0,0,0,1,0,1,1,1,5,1,1,1,1,1,1,1,0,0,1,0,1,1,10,1,746
35,7,1,1,0,0,0,0,0,0,0,0,0,1,0,1,1,1,5,1,1,1,1,1,1,1,0,0,1,0,1,1,10,1,750
47,8,1,1,0,0,0,0,0,0,0,0,0,1,0,1,1,1,5,1,1,1,1,1,1,1,0,0,1,0,1,1,10,1,813
87,13,3,1,0,0,0,0,0,0,0,0,0,1,0,1,1,1,5,1,1,1,1,1,1,1,0,0,1,0,1,1,10,1,875
152,18,1,1,0,0,0,0,0,0,0,0,0,1,0,1,1,1,5,1,1,1,1,1,1,1,0,0,1,0,1,1,10,1,978
75,9,1,1,0,0,0,0,0,0,0,0,0,1,0,1,1,1,5,1,1,1,1,1,1,1,0,0,1,0,1,1,10,1,992
251,27,3,1,0,0,0,0,0,0,0,0,0,1,0,1,1,1,5,1,1,1,1,1,1,1,0,0,1,0,1,1,10,1,1054
63,7,1,1,0,0,0,0,0,0,0,0,0,1,0,1,1,1,5,1,1,1,1,1,1,1,0,0,1,0,1,1,10,1,1063
103,12,2,1,0,0,0,0,0,0,0,0,0,1,0,1,1,1,5,1,1,1,1,1,1,1,0,0,1,0,1,1,10,1,1049
101,10,2,1,0,0,0,0,0,0,0,0,0,1,0,1,1,1,5,1,1,1,1,1,1,1,0,0,1,0,1,1,10,1,1137
87,9,1,1,0,0,0,0,0,0,0,0,0,1,0,1,1,1,5,1,1,1,1,1,1,1,0,0,1,0,1,1,10,1,1146
196,20,3,1,0,0,0,0,0,0,0,0,0,1,0,1,1,1,5,1,1,1,1,1,1,1,0,0,1,0,1,1,10,1,1140
57,6,1,1,0,0,0,0,0,0,0,0,0,1,0,1,1,1,5,1,1,1,1,1,1,1,0,0,1,0,1,1,10,1,1147
75,7,1,1,0,0,0,0,0,0,0,0,0,1,0,1,1,1,5,1,1,1,1,1,1,1,0,0,1,0,1,1,10,1,1219
202,17,3,1,0,0,0,0,0,0,0,0,0,1,0,1,1,1,5,1,1,1,1,1,1,1,0,0,1,0,1,1,10,1,1336
418,22,3,1,0,0,0,0,0,0,0,0,0,1,0,1,1,1,5,1,1,1,1,1,1,1,0,0,1,0,1,1,10,1,2232
296,24,2,1,0,0,0,0,0,0,0,0,0,1,0,1,1,1,5,1,1,1,1,1,1,1,0,0,1,0,1,1,10,1,1298
237,20,4,1,0,0,0,0,0,0,0,0,0,1,0,1,1,1,5,1,1,1,1,1,1,1,0,0,1,0,1,1,10,1,1337
71,6,1,1,0,0,0,0,0,0,0,0,0,1,0,1,1,1,5,1,1,1,1,1,1,1,0,0,1,0,1,1,10,1,1315
350,26,3,1,0,0,0,0,0,0,0,0,0,1,0,1,1,1,5,1,1,1,1,1,1,1,0,0,1,0,1,1,10,1,1436
110,8,1,1,0,0,0,0,0,0,0,0,0,1,0,1,1,1,5,1,1,1,1,1,1,1,0,0,1,0,1,1,10,1,1504
135,10,2,1,0,0,0,0,0,0,0,0,0,1,0,1,1,1,5,1,1,1,1,1,1,1,0,0,1,0,1,1,10,1,1506
412,30,3,1,0,0,0,0,0,0,0,0,0,1,0,1,1,1,5,1,1,1,1,1,1,1,0,0,1,0,1,1,10,1,1502
585,43,5,1,0,0,0,0,0,0,0,0,0,1,0,1,1,1,5,1,1,1,1,1,1,1,0,0,1,0,1,1,10,1,1491
105,7,1,1,0,0,0,0,0,0,0,0,0,1,0,1,1,1,5,1,1,1,1,1,1,1,0,0,1,0,1,1,10,1,1597
91,6,1,1,0,0,0,0,0,0,0,0,0,1,0,1,1,1,5,1,1,1,1,1,1,1,0,0,1,0,1,1,10,1,1605
458,30,3,1,0,0,0,0,0,0,0,0,0,1,0,1,1,1,5,1,1,1,1,1,1,1,0,0,1,0,1,1,10,2,1600
58,4,1,1,0,0,0,0,0,0,0,0,0,1,0,1,1,1,5,1,1,1,1,1,1,1,0,0,1,0,1,1,10,1,1594
279,17,2,1,0,0,0,0,0,0,0,0,0,1,0,1,1,1,5,1,1,1,1,1,1,1,0,0,1,0,1,1,10,1,1656
181,11,1,1,0,0,0,0,0,0,0,0,0,1,0,1,1,1,5,1,1,1,1,1,1,1,0,0,1,0,1,1,10,1,1665
93,6,1,1,0,0,0,0,0,0,0,0,0,1,0,1,1,1,5,1,1,1,1,1,1,1,0,0,1,0,1,1,10,1,1659
376,23,2,1,0,0,0,0,0,0,0,0,0,1,0,1,1,1,5,1,1,1,1,1,1,1,0,0,1,0,1,1,10,1,1681
117,7,1,1,0,0,0,0,0,0,0,0,0,1,0,1,1,1,5,1,1,1,1,1,1,1,0,0,1,0,1,1,10,1,1757
154,9,1,1,0,0,0,0,0,0,0,0,0,1,0,1,1,1,5,1,1,1,1,1,1,1,0,0,1,0,1,1,10,1,1748
582,34,4,1,0,0,0,0,0,0,0,0,0,1,0,1,1,1,5,1,1,1,1,1,1,1,0,0,1,0,1,1,10,1,1741
100,6,1,1,0,0,0,0,0,0,0,0,0,1,0,1,1,1,5,1,1,1,1,1,1,1,0,0,1,0,1,1,10,1,1760
363,21,3,1,0,0,0,0,0,0,0,0,0,1,0,1,1,1,5,1,1,1,1,1,1,1,0,0,1,0,1,1,10,1,1765
109,6,1,1,0,0,0,0,0,0,0,0,0,1,0,1,1,1,5,1,1,1,1,1,1,1,0,0,1,0,1,1,10,1,1817
895,48,3,1,0,0,0,0,0,0,0,0,0,1,0,1,1,1,5,1,1,1,1,1,1,1,0,0,1,0,1,1,10,1,1876
112,6,1,1,0,0,0,0,0,0,0,0,0,1,0,1,1,1,5,1,1,1,1,1,1,1,0,0,1,0,1,1,10,1,1904
130,7,3,1,0,0,0,0,0,0,0,0,0,1,0,1,1,1,5,1,1,1,1,1,1,1,0,0,1,0,1,1,10,1,1895
709,37,5,1,0,0,0,0,0,0,0,0,0,1,0,1,1,1,5,1,1,1,1,1,1,1,0,0,1,0,1,1,10,1,1909
386,19,3,1,0,0,0,0,0,0,0,0,0,1,0,1,1,1,5,1,1,1,1,1,1,1,0,0,1,0,1,1,10,1,1946
195,10,1,1,0,0,0,0,0,0,0,0,0,1,0,1,1,1,5,1,1,1,1,1,1,1,0,0,1,0,1,1,10,1,1967
498,25,3,1,0,0,0,0,0,0,0,0,0,1,0,1,1,1,5,1,1,1,1,1,1,1,0,0,1,0,1,1,10,1,1950
775,37,3,1,0,0,0,0,0,0,0,0,0,1,0,1,1,1,5,1,1,1,1,1,1,1,0,0,1,0,1,1,10,1,2026
388,17,4,1,0,0,0,0,0,0,0,0,0,1,0,1,1,1,5,1,1,1,1,1,1,1,0,0,1,0,1,1,10,1,2178
683,29,5,1,0,0,0,0,0,0,0,0,0,1,0,1,1,1,5,1,1,1,1,1,1,1,0,0,1,0,1,1,10,1,2220
168,7,1,1,0,0,0,0,0,0,0,0,0,1,0,1,1,1,5,1,1,1,1,1,1,1,0,0,1,0,1,1,10,1,2244
263,11,1,1,0,0,0,0,0,0,0,0,0,1,0,1,1,1,5,1,1,1,1,1,1,1,0,0,1,0,1,1,10,1,2239
1016,42,5,1,0,0,0,0,0,0,0,0,0,1,0,1,1,1,5,1,1,1,1,1,1,1,0,0,1,0,1,1,10,1,2221
1067,42,5,1,0,0,0,0,0,0,0,0,0,1,0,1,1,1,5,1,1,1,1,1,1,1,0,0,1,0,1,1,10,1,2277
472,19,2,1,0,0,0,0,0,0,0,0,0,1,0,1,1,1,5,1,1,1,1,1,1,1,0,0,1,0,1,1,10,1,2292
2498,98,16,1,1,1,0,0,0,0,1,0,0,1,0,1,1,1,8,1,1,1,1,1,1,1,0,0,1,0,1,1,10,2,2281
910,35,6,1,0,0,0,0,0,0,0,0,0,1,0,1,1,1,5,1,1,1,1,1,1,1,0,0,1,0,1,1,10,1,2337
552,21,1,1,0,0,0,0,0,0,0,0,0,1,0,1,1,1,5,1,1,1,1,1,1,1,0,0,1,0,1,1,10,1,2347
803,31,6,1,0,0,0,0,0,0,0,0,0,1,0,1,1,1,5,1,1,1,1,1,1,1,0,0,1,0,1,1,10,1,2327
536,21,3,1,0,0,0,0,0,0,0,0,0,1,0,1,1,1,5,1,1,1,1,1,1,1,0,0,1,0,1,1,10,1,2349
357,14,2,1,0,0,0,0,0,0,0,0,0,1,0,1,1,1,5,1,1,1,1,1,1,1,0,0,1,0,1,1,10,2,2333
374,14,2,1,0,0,0,0,0,0,0,0,0,1,0,1,1,1,5,1,1,1,1,1,1,1,0,0,1,0,1,1,10,1,2379
268,10,1,1,0,0,0,0,0,0,0,0,0,1,0,1,1,1,5,1,1,1,1,1,1,1,0,0,1,0,1,1,10,1,2394
450,16,3,1,0,0,0,0,0,0,0,0,0,1,0,1,1,1,5,1,1,1,1,1,1,1,0,0,1,0,1,1,10,1,2440
508,18,1,1,0,0,0,0,0,0,0,0,0,1,0,1,1,1,5,1,1,1,1,1,1,1,0,0,1,0,1,1,10,1,2453
281,10,1,1,0,0,0,0,0,0,0,0,0,1,0,1,1,1,5,1,1,1,1,1,1,1,0,0,1,0,1,1,10,1,2446
637,23,4,1,0,0,0,0,0,0,0,0,0,1,0,1,1,1,5,1,1,1,1,1,1,1,0,0,1,0,1,1,10,1,2435
3362,114,4,1,0,0,0,0,0,0,0,0,0,1,0,1,1,1,5,1,1,1,1,1,1,1,0,0,1,0,1,1,10,1,2482
583,20,2,1,0,0,0,0,0,0,0,0,0,1,0,1,1,1,5,1,1,1,1,1,1,1,0,0,1,0,1,1,10,1,2483
86,3,1,1,0,0,0,0,0,0,0,0,0,1,0,1,1,1,5,1,1,1,1,1,1,1,0,0,1,0,1,1,10,1,2496
439,15,1,1,0,0,0,0,0,0,0,0,0,1,0,1,1,1,5,1,1,1,1,1,1,1,0,0,1,0,1,1,10,1,2484
1605,54,4,1,0,0,0,0,0,0,0,0,0,1,0,1,1,1,5,1,1,1,1,1,1,1,0,0,1,0,1,1,10,1,2524
283,9,1,1,0,0,0,0,0,0,0,0,0,1,0,1,1,1,5,1,1,1,1,1,1,1,0,0,1,0,1,1,10,1,2581
689,22,3,1,0,0,0,0,0,0,0,0,0,1,0,1,1,1,5,1,1,1,1,1,1,1,0,0,1,0,1,1,10,1,2563
428,13,2,1,0,0,0,0,0,0,0,0,0,1,0,1,1,1,5,1,1,1,1,1,1,1,0,0,1,0,1,1,10,1,2655
245,7,1,1,0,0,0,0,0,0,0,0,0,1,0,1,1,1,5,1,1,1,1,1,1,1,0,0,1,0,1,1,10,1,2736
632,18,3,1,0,0,0,0,0,0,0,0,0,1,0,1,1,1,5,1,1,1,1,1,1,1,0,0,1,0,1,1,10,1,2724
256,7,1,1,0,0,0,0,0,0,0,0,0,1,0,1,1,1,5,1,1,1,1,1,1,1,0,0,1,0,1,1,10,1,2795
294,10,1,1,0,0,0,0,0,0,0,0,0,1,0,1,1,1,5,1,1,1,1,1,1,1,0,0,1,0,1,1,10,1,2851
1965,48,5,1,0,0,0,0,0,0,0,0,0,1,0,1,1,1,5,1,1,1,1,1,1,1,0,0,1,0,1,1,10,1,2898
2719,65,3,1,0,0,0,0,0,0,0,0,0,1,0,1,1,1,5,1,1,1,1,1,1,1,0,0,1,0,1,1,10,1,2924
415,10,1,1,0,0,0,0,0,0,0,0,0,1,0,1,1,1,5,1,1,1,1,1,1,1,0,0,1,0,1,1,10,1,2931
845,19,2,1,0,0,0,0,0,0,0,0,0,1,0,1,1,1,5,1,1,1,1,1,1,1,0,0,1,0,1,1,10,1,2964
1111,24,3,1,0,0,0,0,0,0,0,0,0,1,0,1,1,1,5,1,1,1,1,1,1,1,0,0,1,0,1,1,10,1,3005
2736,57,2,1,0,0,0,0,0,0,0,0,0,1,0,1,1,1,5,1,1,1,1,1,1,1,0,0,1,0,1,1,10,1,1042
1921,34,1,1,0,0,0,0,0,0,0,0,0,1,0,1,1,1,5,1,1,1,1,1,1,1,0,0,1,0,1,1,10,1,3165
741,5,1,1,0,0,0,0,0,0,0,0,0,1,0,1,1,1,5,1,1,1,1,1,1,1,0,0,1,0,1,1,10,1,3467
27923,695,22,1,1,1,1,1,0,1,1,1,0,1,1,1,1,1,13,1,1,1,1,1,1,1,1,1,1,1,1,1,13,3,28
23149,895,47,1,1,1,1,1,0,1,1,1,1,1,1,1,1,1,14,1,1,1,1,1,1,1,1,1,1,1,1,1,13,3,29
28437,1001,34,1,0,1,1,1,0,1,1,1,0,1,0,1,1,1,11,1,1,1,1,1,1,1,1,1,1,1,1,1,13,3,34
13306,426,28,1,0,1,1,1,0,1,1,1,0,1,1,1,1,1,12,1,1,1,1,1,1,1,1,1,1,1,1,1,13,3,38
13817,293,26,1,0,1,0,0,0,1,1,1,0,1,1,1,1,1,10,1,1,1,1,1,1,1,1,1,1,1,1,1,13,3,51
1232,88,12,1,0,1,0,1,0,1,1,1,0,1,1,1,1,1,11,1,1,1,1,1,1,1,1,1,1,1,1,1,13,3,89
15348,509,16,1,0,0,0,0,0,0,0,0,0,1,0,1,1,1,5,1,1,1,1,1,1,1,0,0,1,0,1,1,10,2,96
14966,360,10,1,0,0,0,0,0,0,0,0,0,1,0,1,1,1,5,1,1,1,1,1,1,1,0,0,1,0,1,1,10,2,99
6495,313,34,1,0,0,0,0,0,0,0,0,0,1,0,1,1,1,5,1,1,1,1,1,1,1,0,0,1,0,1,1,10,3,104
3414,109,16,1,0,0,0,0,0,0,0,0,0,1,0,1,1,1,5,1,1,1,1,1,1,1,0,0,1,0,1,1,10,2,107
6772,172,14,1,0,1,0,0,0,1,1,1,0,1,1,1,1,1,10,1,1,1,1,1,1,1,0,1,1,1,1,1,12,2,109
1647,48,4,1,0,1,0,0,0,0,1,0,0,1,0,1,1,1,7,1,1,1,1,1,1,1,1,1,1,1,1,1,13,2,120
2276,144,12,0,0,1,1,0,0,0,1,1,0,0,0,1,0,1,6,0,1,1,1,0,1,0,0,1,0,0,0,1,6,2,130
17437,437,43,1,1,0,0,0,0,0,1,0,0,1,0,1,1,1,7,1,1,1,1,1,1,1,0,1,1,0,1,1,11,2,131
2021,85,11,1,0,0,0,0,0,0,1,0,0,1,0,1,1,1,7,1,1,1,1,1,1,1,0,0,1,0,1,1,10,2,135
2762,199,12,1,0,0,0,0,0,0,0,0,0,1,0,1,1,1,5,0,0,1,1,0,0,0,0,0,1,0,0,1,5,1,137
13176,426,32,1,0,0,0,0,0,0,0,0,0,1,0,1,1,1,5,1,1,1,1,1,1,1,0,0,1,0,1,1,10,3,148
3657,97,11,1,0,0,0,0,0,0,1,0,0,1,1,1,1,1,7,1,1,1,1,1,1,1,0,0,1,1,1,1,11,2,152
5598,264,28,0,0,0,0,0,0,1,0,1,0,0,0,1,1,1,5,0,1,1,1,1,0,0,0,0,1,0,0,0,5,2,156
3232,103,15,1,0,1,0,0,0,0,0,0,0,1,0,1,1,1,6,1,1,1,1,1,1,1,0,0,1,0,1,1,10,2,169
6534,116,12,1,0,1,0,0,1,1,1,0,0,1,1,1,1,1,10,1,1,1,1,1,1,1,1,1,1,1,1,1,13,2,180
6565,192,10,1,0,0,0,0,0,0,1,1,0,1,0,1,1,1,7,1,1,1,1,1,1,1,0,1,1,1,1,1,12,2,189
34666,727,16,1,0,1,0,0,0,0,1,0,0,1,0,1,1,1,7,1,1,1,1,1,1,1,0,0,1,1,1,1,11,2,191
3786,87,12,1,0,1,0,0,0,1,1,0,0,1,1,1,1,1,9,1,1,1,1,1,1,1,1,1,1,1,1,1,13,2,198
18281,428,42,1,0,0,0,0,0,0,0,0,0,1,0,1,1,1,5,1,1,1,1,1,1,1,0,0,1,0,1,1,10,3,203
2393,45,13,0,0,1,0,1,0,1,1,0,0,1,0,1,1,1,8,1,1,1,1,1,1,1,1,1,1,1,1,1,13,2,210
8048,171,17,1,0,1,0,0,0,0,1,0,0,1,0,1,1,1,7,1,1,1,1,1,1,1,1,1,1,1,1,1,13,2,211
3843,147,19,1,1,1,0,0,0,1,1,0,0,1,1,1,1,1,10,1,1,1,1,1,1,1,1,1,1,1,1,1,13,2,222
1166,56,3,1,0,1,0,0,0,0,0,0,0,1,0,1,1,1,6,1,1,1,1,1,1,1,0,0,1,1,1,1,11,2,228
3711,142,20,1,0,1,0,0,0,0,1,0,0,1,0,1,1,1,7,1,1,1,1,1,1,1,1,1,1,1,1,1,13,1,232
282,20,3,1,0,0,0,0,0,1,0,0,0,1,0,1,1,1,6,1,1,1,1,1,1,1,0,0,1,0,1,1,10,1,235
3015,101,13,1,1,1,1,0,0,1,1,0,0,1,1,1,1,1,11,1,1,1,1,1,1,1,1,1,1,1,1,1,13,2,241
1848,81,14,1,0,1,0,0,0,0,1,1,0,1,0,1,1,1,8,1,1,1,1,1,1,1,0,0,1,0,1,1,10,2,258
5822,179,17,1,0,0,0,0,0,0,1,0,0,1,0,1,1,1,6,1,1,1,1,1,1,1,0,1,1,0,1,1,11,2,261
2111,95,18,1,0,1,0,0,1,1,0,0,0,1,0,1,1,1,8,1,1,1,1,1,1,1,1,1,1,1,1,1,13,2,268
3179,104,7,1,1,1,0,0,1,0,1,0,0,1,1,1,1,1,10,1,1,1,1,1,1,1,1,1,1,1,1,1,13,2,266
1275,50,14,1,0,1,0,0,0,1,1,1,0,1,0,1,1,1,9,1,1,1,1,1,1,1,0,1,1,0,1,1,11,1,274
2977,91,10,1,0,1,0,0,0,1,1,0,1,1,0,1,1,1,9,1,1,1,1,1,1,1,1,1,1,1,1,1,13,1,283
3268,135,16,1,0,0,0,0,0,0,0,0,0,1,0,1,1,1,5,1,1,1,1,1,1,1,0,0,1,0,1,1,10,2,293
320,13,2,1,0,0,0,0,0,0,1,1,0,1,0,1,1,1,7,1,1,1,1,1,1,1,0,1,1,1,1,1,12,1,306
13879,364,20,1,0,1,0,0,0,0,1,0,0,1,0,1,1,1,7,1,1,1,1,1,1,1,0,1,1,1,1,1,12,2,322
213,21,2,1,0,1,0,0,0,0,1,1,0,1,0,1,1,1,8,1,1,1,1,1,1,1,0,1,1,1,1,1,12,1,327
3902,76,7,1,0,1,0,0,0,0,1,0,0,1,1,1,1,1,8,1,1,1,1,1,1,1,1,1,1,1,1,1,13,2,329
5973,81,13,1,0,0,0,0,0,0,0,0,0,1,0,1,1,1,5,1,1,1,1,1,1,1,0,0,1,0,1,1,10,1,332
268,43,7,1,1,1,1,0,0,1,1,1,0,1,0,1,1,1,11,1,1,1,1,1,1,1,0,0,1,0,1,1,10,2,343
456,38,9,1,0,1,0,0,0,0,1,0,0,1,0,1,1,1,7,1,1,1,1,1,1,1,1,1,1,1,1,1,13,1,358
4133,99,10,1,0,1,0,0,0,0,1,0,0,1,0,1,1,1,7,1,1,1,1,1,1,1,1,1,1,1,1,1,13,1,367
1401,90,15,1,0,0,0,0,0,0,0,0,0,1,0,1,1,1,5,1,1,1,1,1,1,1,0,0,1,0,1,1,10,1,368
2118,57,4,1,0,0,0,0,0,0,0,0,0,1,0,1,1,1,5,1,1,1,1,1,1,1,0,0,1,0,1,1,10,1,372
2038,141,20,1,0,0,0,0,0,0,0,0,0,1,0,1,1,1,5,1,1,1,1,1,1,1,0,0,1,0,1,1,10,2,386
1489,39,2,1,0,0,0,0,0,0,0,0,0,1,0,1,1,1,5,1,1,1,1,1,1,1,0,0,1,0,1,1,10,1,407
7338,146,10,1,0,1,0,0,0,0,1,1,0,1,0,1,1,1,8,1,1,1,1,1,1,1,0,1,1,0,1,1,11,2,441
714,29,6,1,0,0,0,0,0,0,0,0,0,1,0,1,1,1,5,1,1,1,1,1,1,1,0,0,1,0,1,1,10,1,448
2198,85,12,1,0,0,0,0,0,0,0,0,0,1,0,1,1,1,5,1,1,1,1,1,1,1,0,0,1,0,1,1,10,2,452
115,19,2,1,0,0,0,0,0,0,0,0,0,1,0,1,1,1,5,1,1,1,1,1,1,1,0,0,1,0,1,1,10,1,465
108,13,2,1,0,0,0,0,0,0,0,0,0,1,0,1,1,1,5,1,1,1,1,1,1,1,0,0,1,0,1,1,10,1,480
134,9,2,1,0,0,0,0,0,0,0,0,0,1,0,1,1,1,5,1,1,1,1,1,1,1,0,0,1,0,1,1,10,1,504
223,15,4,1,0,0,0,0,0,0,0,0,0,1,0,1,1,1,5,1,1,1,1,1,1,1,0,0,1,0,1,1,10,2,472
322,12,4,1,0,0,0,0,0,0,0,0,0,1,0,1,1,1,5,1,1,1,1,1,1,1,0,0,1,0,1,1,10,1,479
837,123,10,1,0,0,0,0,0,0,0,0,0,1,0,1,1,1,5,1,1,1,1,1,1,1,0,0,1,0,1,1,10,1,513
180,8,1,1,0,0,0,0,0,0,0,0,0,1,0,1,1,1,5,1,1,1,1,1,1,1,0,0,1,0,1,1,10,1,574
465,21,4,1,0,0,0,0,0,0,0,0,0,1,0,1,1,1,5,1,1,1,1,1,1,1,0,0,1,0,1,1,10,1,526
110,7,3,1,0,0,0,0,0,0,0,0,0,1,0,1,1,1,5,1,1,1,1,1,1,1,0,0,1,0,1,1,10,1,552
122,19,2,1,0,0,0,0,0,0,0,0,0,1,0,1,1,1,5,1,1,1,1,1,1,1,0,0,1,0,1,1,10,1,651
133,46,3,1,0,0,0,0,0,0,0,0,0,1,0,1,1,1,5,1,1,1,1,1,1,1,0,0,1,0,1,1,10,1,614
42,8,1,1,0,0,0,0,0,0,0,0,0,1,0,1,1,1,5,1,1,1,1,1,1,1,0,0,1,0,1,1,10,1,652
186,54,7,1,0,0,0,0,0,0,0,0,0,1,0,1,1,1,5,1,1,1,1,1,1,1,0,0,1,0,1,1,10,1,602
43,6,1,1,0,0,0,0,0,0,0,0,0,1,0,1,1,1,5,1,1,1,1,1,1,1,0,0,1,0,1,1,10,1,631
37,7,1,1,0,0,0,0,0,0,0,0,0,1,0,1,1,1,5,1,1,1,1,1,1,1,0,0,1,0,1,1,10,1,654
122,37,10,1,0,0,0,0,0,0,0,0,0,1,0,1,1,1,5,1,1,1,1,1,1,1,0,0,1,0,1,1,10,1,646
32,7,2,1,0,0,0,0,0,0,0,0,0,1,0,1,1,1,5,1,1,1,1,1,1,1,0,0,1,0,1,1,10,1,685
239,58,8,1,0,0,0,0,0,0,0,0,0,1,0,1,1,1,5,1,1,1,1,1,1,1,0,0,1,0,1,1,10,1,669
56,10,3,1,0,0,0,0,0,0,0,0,0,1,0,1,1,1,5,1,1,1,1,1,1,1,0,0,1,0,1,1,10,1,686
63,13,6,1,0,0,0,0,0,0,0,0,0,1,0,1,1,1,5,1,1,1,1,1,1,1,0,0,1,0,1,1,10,1,715
302,68,8,1,0,0,0,0,0,0,0,0,0,1,0,1,1,1,5,1,1,1,1,1,1,1,0,0,1,0,1,1,10,1,712
42,10,1,1,0,0,0,0,0,0,0,0,0,1,0,1,1,1,5,1,1,1,1,1,1,1,0,0,1,0,1,1,10,1,700
99,25,10,1,0,0,0,0,0,0,0,0,0,1,0,1,1,1,5,1,1,1,1,1,1,1,0,0,1,0,1,1,10,1,711
38,8,3,1,0,0,0,0,0,0,0,0,0,1,0,1,1,1,5,1,1,1,1,1,1,1,0,0,1,0,1,1,10,1,687
78,21,2,1,0,0,0,0,0,0,0,0,0,1,0,1,1,1,5,1,1,1,1,1,1,1,0,0,1,0,1,1,10,1,682
87,6,1,1,0,0,0,0,0,0,0,0,0,1,0,1,1,1,5,1,1,1,1,1,1,1,0,0,1,0,1,1,10,2,708
37,7,1,1,0,0,0,0,0,0,0,0,0,1,0,1,1,1,5,1,1,1,1,1,1,1,0,0,1,0,1,1,10,1,780
41,6,1,1,0,0,0,0,0,0,0,0,0,1,0,1,1,1,5,1,1,1,1,1,1,1,0,0,1,0,1,1,10,1,756
32,7,1,1,0,0,0,0,0,0,0,0,0,1,0,1,1,1,5,1,1,1,1,1,1,1,0,0,1,0,1,1,10,1,778
284,53,2,1,0,0,0,0,0,0,0,0,0,1,0,1,1,1,5,1,1,1,1,1,1,1,0,0,1,0,1,1,10,1,728
69,15,2,1,0,0,0,0,0,0,0,0,0,1,0,1,1,1,5,1,1,1,1,1,1,1,0,0,1,0,1,1,10,1,732
35,7,1,1,0,0,0,0,0,0,0,0,0,1,0,1,1,1,5,1,1,1,1,1,1,1,0,0,1,0,1,1,10,1,762
47,9,1,1,0,0,0,0,0,0,0,0,0,1,0,1,1,1,5,1,1,1,1,1,1,1,0,0,1,0,1,1,10,1,769
63,14,2,1,0,0,0,0,0,0,0,0,0,1,0,1,1,1,5,1,1,1,1,1,1,1,0,0,1,0,1,1,10,1,792
38,7,1,1,0,0,0,0,0,0,0,0,0,1,0,1,1,1,5,1,1,1,1,1,1,1,0,0,1,0,1,1,10,1,794
244,42,9,1,0,0,0,0,0,0,0,0,0,1,0,1,1,1,5,1,1,1,1,1,1,1,0,0,1,0,1,1,10,1,856
55,9,1,1,0,0,0,0,0,0,0,0,0,1,0,1,1,1,5,1,1,1,1,1,1,1,0,0,1,0,1,1,10,1,846
107,18,2,1,0,0,0,0,0,0,0,0,0,1,0,1,1,1,5,1,1,1,1,1,1,1,0,0,1,0,1,1,10,1,815
68,11,1,1,0,0,0,0,0,0,0,0,0,1,0,1,1,1,5,1,1,1,1,1,1,1,0,0,1,0,1,1,10,1,857
50,8,1,1,0,0,0,0,0,0,0,0,0,1,0,1,1,1,5,1,1,1,1,1,1,1,0,0,1,0,1,1,10,1,833
36,6,1,1,0,0,0,0,0,0,0,0,0,1,0,1,1,1,5,1,1,1,1,1,1,1,0,0,1,0,1,1,10,1,866
61,9,1,1,0,0,0,0,0,0,0,0,0,1,0,1,1,1,5,1,1,1,1,1,1,1,0,0,1,0,1,1,10,1,911
58,8,1,1,0,0,0,0,0,0,0,0,0,1,0,1,1,1,5,1,1,1,1,1,1,1,0,0,1,0,1,1,10,1,885
36,5,1,1,0,0,0,0,0,0,0,0,0,1,0,1,1,1,5,1,1,1,1,1,1,1,0,0,1,0,1,1,10,1,906
68,10,10,1,0,0,0,0,0,0,0,0,0,1,0,1,1,1,5,1,1,1,1,1,1,1,0,0,1,0,1,1,10,1,953
59,8,1,1,0,0,0,0,0,0,0,0,0,1,0,1,1,1,5,1,1,1,1,1,1,1,0,0,1,0,1,1,10,1,920
78,12,1,1,0,0,0,0,0,0,0,0,0,1,0,1,1,1,5,1,1,1,1,1,1,1,0,0,1,0,1,1,10,1,924
39,5,1,1,0,0,0,0,0,0,0,0,0,1,0,1,1,1,5,1,1,1,1,1,1,1,0,0,1,0,1,1,10,1,1009
125,15,2,1,0,0,0,0,0,0,0,0,0,1,0,1,1,1,5,1,1,1,1,1,1,1,0,0,1,0,1,1,10,1,995
54,7,1,1,0,0,0,0,0,0,0,0,0,1,0,1,1,1,5,1,1,1,1,1,1,1,0,0,1,0,1,1,10,1,1005
211,27,4,1,0,0,0,0,0,0,0,0,0,1,0,1,1,1,5,1,1,1,1,1,1,1,0,0,1,0,1,1,10,1,981
84,11,1,1,0,0,0,0,0,0,0,0,0,1,0,1,1,1,5,1,1,1,1,1,1,1,0,0,1,0,1,1,10,1,1018
99,13,2,1,0,0,0,0,0,0,0,0,0,1,0,1,1,1,5,1,1,1,1,1,1,1,0,0,1,0,1,1,10,1,968
75,9,1,1,0,0,0,0,0,0,0,0,0,1,0,1,1,1,5,1,1,1,1,1,1,1,0,0,1,0,1,1,10,1,1024
77,9,1,1,0,0,0,0,0,0,0,0,0,1,0,1,1,1,5,1,1,1,1,1,1,1,0,0,1,0,1,1,10,1,1101
27,3,2,1,0,0,0,0,0,0,0,0,0,1,0,1,1,1,5,1,1,1,1,1,1,1,0,0,1,0,1,1,10,1,1111
158,16,2,1,0,0,0,0,0,0,0,0,0,1,0,1,1,1,5,1,1,1,1,1,1,1,0,0,1,0,1,1,10,1,1156
1665,164,21,1,0,0,0,0,0,0,0,0,0,1,0,1,1,1,5,1,1,1,1,1,1,1,0,0,1,0,1,1,10,2,1200
143,14,3,1,0,0,0,0,0,0,0,0,0,1,0,1,1,1,5,1,1,1,1,1,1,1,0,0,1,0,1,1,10,1,1168
199,19,2,1,0,0,0,0,0,0,0,0,0,1,0,1,1,1,5,1,1,1,1,1,1,1,0,0,1,0,1,1,10,1,1205
76,8,2,1,0,0,0,0,0,0,0,0,0,1,0,1,1,1,5,1,1,1,1,1,1,1,0,0,1,0,1,1,10,1,1195
71,7,1,1,0,0,0,0,0,0,0,0,0,1,0,1,1,1,5,1,1,1,1,1,1,1,0,0,1,0,1,1,10,1,1182
49,5,1,1,0,0,0,0,0,0,0,0,0,1,0,1,1,1,5,1,1,1,1,1,1,1,0,0,1,0,1,1,10,1,1170
60,6,1,1,0,0,0,0,0,0,0,0,0,1,0,1,1,1,5,1,1,1,1,1,1,1,0,0,1,0,1,1,10,1,1166
196,19,2,1,0,0,0,0,0,0,0,0,0,1,0,1,1,1,5,1,1,1,1,1,1,1,0,0,1,0,1,1,10,1,1203
156,15,1,1,0,0,0,0,0,0,0,0,0,1,0,1,1,1,5,1,1,1,1,1,1,1,0,0,1,0,1,1,10,1,1198
147,13,1,1,0,0,0,0,0,0,0,0,0,1,0,1,1,1,5,1,1,1,1,1,1,1,0,0,1,0,1,1,10,1,1271
245,23,9,1,0,0,0,0,0,0,0,0,0,1,0,1,1,1,5,1,1,1,1,1,1,1,0,0,1,0,1,1,10,1,1214
57,5,1,1,0,0,0,0,0,0,0,0,0,1,0,1,1,1,5,1,1,1,1,1,1,1,0,0,1,0,1,1,10,1,1276
190,18,3,1,0,0,0,0,0,0,0,0,0,1,0,1,1,1,5,1,1,1,1,1,1,1,0,0,1,0,1,1,10,1,1279
54,5,2,1,0,0,0,0,0,0,0,0,0,1,0,1,1,1,5,1,1,1,1,1,1,1,0,0,1,0,1,1,10,1,1289
142,13,2,1,0,0,0,0,0,0,0,0,0,1,0,1,1,1,5,1,1,1,1,1,1,1,0,0,1,0,1,1,10,1,1251
59,5,1,1,0,0,0,0,0,0,0,0,0,1,0,1,1,1,5,1,1,1,1,1,1,1,0,0,1,0,1,1,10,1,1379
35,3,2,1,0,0,0,0,0,0,0,0,0,1,0,1,1,1,5,1,1,1,1,1,1,1,0,0,1,0,1,1,10,1,1327
230,19,4,1,0,0,0,0,0,0,0,0,0,1,0,1,1,1,5,1,1,1,1,1,1,1,0,0,1,0,1,1,10,1,1329
397,32,4,1,0,0,0,0,0,0,0,0,0,1,0,1,1,1,5,1,1,1,1,1,1,1,0,0,1,0,1,1,10,1,1388
73,6,1,1,0,0,0,0,0,0,0,0,0,1,0,1,1,1,5,1,1,1,1,1,1,1,0,0,1,0,1,1,10,1,1372
71,6,1,1,0,0,0,0,0,0,0,0,0,1,0,1,1,1,5,1,1,1,1,1,1,1,0,0,1,0,1,1,10,1,1356
82,7,1,1,0,0,0,0,0,0,0,0,0,1,0,1,1,1,5,1,1,1,1,1,1,1,0,0,1,0,1,1,10,1,1369
384,31,4,1,0,0,0,0,0,0,0,0,0,1,0,1,1,1,5,1,1,1,1,1,1,1,0,0,1,0,1,1,10,1,1374
301,25,6,1,0,0,0,0,0,0,0,0,0,1,0,1,1,1,5,1,1,1,1,1,1,1,0,0,1,0,1,1,10,1,1310
620,53,6,1,0,0,0,0,0,0,0,0,0,1,0,1,1,1,5,1,1,1,1,1,1,1,0,0,1,0,1,1,10,1,1345
187,16,3,1,0,0,0,0,0,0,0,0,0,1,0,1,1,1,5,1,1,1,1,1,1,1,0,0,1,0,1,1,10,1,1324
99,8,1,1,0,0,0,0,0,0,0,0,0,1,0,1,1,1,5,1,1,1,1,1,1,1,0,0,1,0,1,1,10,1,1352
105,8,1,1,0,0,0,0,0,0,0,0,0,1,0,1,1,1,5,1,1,1,1,1,1,1,0,0,1,0,1,1,10,1,1472
76,6,1,1,0,0,0,0,0,0,0,0,0,1,0,1,1,1,5,1,1,1,1,1,1,1,0,0,1,0,1,1,10,1,1461
440,32,4,1,0,0,0,0,0,0,0,0,0,1,0,1,1,1,5,1,1,1,1,1,1,1,0,0,1,0,1,1,10,1,1483
374,26,5,1,0,0,0,0,0,0,0,0,0,1,0,1,1,1,5,1,1,1,1,1,1,1,0,0,1,0,1,1,10,1,1505
113,8,1,1,0,0,0,0,0,0,0,0,0,1,0,1,1,1,5,1,1,1,1,1,1,1,0,0,1,0,1,1,10,1,1554
166,12,1,1,0,0,0,0,0,0,0,0,0,1,0,1,1,1,5,1,1,1,1,1,1,1,0,0,1,0,1,1,10,1,1560
258,18,3,1,0,0,0,0,0,0,0,0,0,1,0,1,1,1,5,1,1,1,1,1,1,1,0,0,1,0,1,1,10,1,1517
54,4,1,1,0,0,0,0,0,0,0,0,0,1,0,1,1,1,5,1,1,1,1,1,1,1,0,0,1,0,1,1,10,1,1521
162,11,2,1,0,0,0,0,0,0,0,0,0,1,0,1,1,1,5,1,1,1,1,1,1,1,0,0,1,0,1,1,10,1,1572
119,8,1,1,0,0,0,0,0,0,0,0,0,1,0,1,1,1,5,1,1,1,1,1,1,1,0,0,1,0,1,1,10,1,1574
165,11,2,1,0,0,0,0,0,0,0,0,0,1,0,1,1,1,5,1,1,1,1,1,1,1,0,0,1,0,1,1,10,1,1613
664,44,6,1,0,0,0,0,0,0,0,0,0,1,0,1,1,1,5,1,1,1,1,1,1,1,0,0,1,0,1,1,10,1,1583
75,5,1,1,0,0,0,0,0,0,0,0,0,1,0,1,1,1,5,1,1,1,1,1,1,1,0,0,1,0,1,1,10,1,1622
338,22,1,1,0,0,0,0,0,0,0,0,0,1,0,1,1,1,5,1,1,1,1,1,1,1,0,0,1,0,1,1,10,1,1610
994,61,2,1,0,0,0,0,0,0,0,0,0,1,0,1,1,1,5,1,1,1,1,1,1,1,0,0,1,0,1,1,10,1,1705
180,11,1,1,0,0,0,0,0,0,0,0,0,1,0,1,1,1,5,1,1,1,1,1,1,1,0,0,1,0,1,1,10,1,1708
145,9,1,1,0,0,0,0,0,0,0,0,0,1,0,1,1,1,5,1,1,1,1,1,1,1,0,0,1,0,1,1,10,1,1719
96,6,2,1,0,0,0,0,0,0,0,0,0,1,0,1,1,1,5,1,1,1,1,1,1,1,0,0,1,0,1,1,10,2,1697
94,6,1,1,0,0,0,0,0,0,0,0,0,1,0,1,1,1,5,1,1,1,1,1,1,1,0,0,1,0,1,1,10,1,1687
81,5,1,1,0,0,0,0,0,0,0,0,0,1,0,1,1,1,5,1,1,1,1,1,1,1,0,0,1,0,1,1,10,1,1710
206,13,2,1,0,0,0,0,0,0,0,0,0,1,0,1,1,1,5,1,1,1,1,1,1,1,0,0,1,0,1,1,10,1,1683
255,15,3,1,0,0,0,0,0,0,0,0,0,1,0,1,1,1,5,1,1,1,1,1,1,1,0,0,1,0,1,1,10,1,1732
136,8,1,1,0,0,0,0,0,0,0,0,0,1,0,1,1,1,5,1,1,1,1,1,1,1,0,0,1,0,1,1,10,1,1792
336,20,3,1,0,0,0,0,0,0,0,0,0,1,0,1,1,1,5,1,1,1,1,1,1,1,0,0,1,0,1,1,10,1,1754
209,12,2,1,0,0,0,0,0,0,0,0,0,1,0,1,1,1,5,1,1,1,1,1,1,1,0,0,1,0,1,1,10,1,1752
319,18,2,1,0,0,0,0,0,0,0,0,0,1,0,1,1,1,5,1,1,1,1,1,1,1,0,0,1,0,1,1,10,1,1822
182,10,1,1,0,0,0,0,0,0,0,0,0,1,0,1,1,1,5,1,1,1,1,1,1,1,0,0,1,0,1,1,10,1,1814
404,22,3,1,0,0,0,0,0,0,0,0,0,1,0,1,1,1,5,1,1,1,1,1,1,1,0,0,1,0,1,1,10,1,1828
400,22,3,1,0,0,0,0,0,0,0,0,0,1,0,1,1,1,5,1,1,1,1,1,1,1,0,0,1,0,1,1,10,1,1833
89,5,1,1,0,0,0,0,0,0,0,0,0,1,0,1,1,1,5,1,1,1,1,1,1,1,0,0,1,0,1,1,10,1,1849
274,15,1,1,0,0,0,0,0,0,0,0,0,1,0,1,1,1,5,1,1,1,1,1,1,1,0,0,1,0,1,1,10,1,1846
115,6,1,1,0,0,0,0,0,0,0,0,0,1,0,1,1,1,5,1,1,1,1,1,1,1,0,0,1,0,1,1,10,1,1931
192,10,1,1,0,0,0,0,0,0,0,0,0,1,0,1,1,1,5,1,1,1,1,1,1,1,0,0,1,0,1,1,10,2,1940
397,21,3,1,0,0,0,0,0,0,0,0,0,1,0,1,1,1,5,1,1,1,1,1,1,1,0,0,1,0,1,1,10,1,1935
970,50,16,1,0,0,0,0,0,0,0,0,0,1,0,1,1,1,5,1,1,1,1,1,1,1,0,0,1,0,1,1,10,2,1885
242,12,1,1,0,0,0,0,0,0,0,0,0,1,0,1,1,1,5,1,1,1,1,1,1,1,0,0,1,0,1,1,10,1,1990
59,3,1,1,0,0,0,0,0,0,0,0,0,1,0,1,1,1,5,1,1,1,1,1,1,1,0,0,1,0,1,1,10,1,1961
118,6,1,1,0,0,0,0,0,0,0,0,0,1,0,1,1,1,5,1,1,1,1,1,1,1,0,0,1,0,1,1,10,1,2005
326,16,2,1,0,0,0,0,0,0,0,0,0,1,0,1,1,1,5,1,1,1,1,1,1,1,0,0,1,0,1,1,10,1,1955
122,6,1,1,0,0,0,0,0,0,0,0,0,1,0,1,1,1,5,1,1,1,1,1,1,1,0,0,1,0,1,1,10,1,2006
143,7,1,1,0,0,0,0,0,0,0,0,0,1,0,1,1,1,5,1,1,1,1,1,1,1,0,0,1,0,1,1,10,1,1979
318,16,2,1,0,0,0,0,0,0,0,0,0,1,0,1,1,1,5,1,1,1,1,1,1,1,0,0,1,0,1,1,10,1,1971
106,5,1,1,0,0,0,0,0,0,0,0,0,1,0,1,1,1,5,1,1,1,1,1,1,1,0,0,1,0,1,1,10,1,2086
941,44,6,1,0,0,0,0,0,0,0,0,0,1,0,1,1,1,5,1,1,1,1,1,1,1,0,0,1,0,1,1,10,1,2080
23724,1144,1,1,0,0,0,0,0,0,0,0,0,1,0,1,1,1,5,1,1,1,1,1,1,1,0,0,1,0,1,1,10,2,2063
644,30,3,1,0,0,0,0,0,0,0,0,0,1,0,1,1,1,5,1,1,1,1,1,1,1,0,0,1,0,1,1,10,1,2014
235,11,3,1,0,0,0,0,0,0,0,0,0,1,0,1,1,1,5,1,1,1,1,1,1,1,0,0,1,0,1,1,10,1,2058
82,4,1,1,0,0,0,0,0,0,0,0,0,1,0,1,1,1,5,1,1,1,1,1,1,1,0,0,1,0,1,1,10,1,2048
229,11,3,1,0,0,0,0,0,0,0,0,0,1,0,1,1,1,5,1,1,1,1,1,1,1,0,0,1,0,1,1,10,1,2015
4769,232,3,1,0,0,0,0,0,0,0,0,0,1,0,1,1,1,5,1,1,1,1,1,1,1,0,0,1,0,1,1,10,1,2072
255,12,2,1,0,0,0,0,0,0,0,0,0,1,0,1,1,1,5,1,1,1,1,1,1,1,0,0,1,0,1,1,10,1,2032
128,6,1,1,0,0,0,0,0,0,0,0,0,1,0,1,1,1,5,1,1,1,1,1,1,1,0,0,1,0,1,1,10,1,2078
103,5,1,1,0,0,0,0,0,0,0,0,0,1,0,1,1,1,5,1,1,1,1,1,1,1,0,0,1,0,1,1,10,1,2061
518,24,4,1,0,0,0,0,0,0,0,0,0,1,0,1,1,1,5,1,1,1,1,1,1,1,0,0,1,0,1,1,10,1,2096
132,6,1,1,0,0,0,0,0,0,0,0,0,1,0,1,1,1,5,1,1,1,1,1,1,1,0,0,1,0,1,1,10,1,2132
267,12,3,1,0,0,0,0,0,0,0,0,0,1,0,1,1,1,5,1,1,1,1,1,1,1,0,0,1,0,1,1,10,1,2090
382,17,3,1,0,0,0,0,0,0,0,0,0,1,0,1,1,1,5,1,1,1,1,1,1,1,0,0,1,0,1,1,10,1,2094
109,5,1,1,0,0,0,0,0,0,0,0,0,1,0,1,1,1,5,1,1,1,1,1,1,1,0,0,1,0,1,1,10,1,2124
613,28,3,1,0,0,0,0,0,0,0,0,0,1,0,1,1,1,5,1,1,1,1,1,1,1,0,0,1,0,1,1,10,1,2105
302,14,1,1,0,0,0,0,0,0,0,0,0,1,0,1,1,1,5,1,1,1,1,1,1,1,0,0,1,0,1,1,10,1,2147
180,8,2,1,0,0,0,0,0,0,0,0,0,1,0,1,1,1,5,1,1,1,1,1,1,1,0,0,1,0,1,1,10,1,2164
608,26,3,1,0,0,0,0,0,0,0,0,0,1,0,1,1,1,5,1,1,1,1,1,1,1,0,0,1,0,1,1,10,1,2169
3762,167,18,1,0,0,0,0,0,0,0,0,0,1,0,1,1,1,5,1,1,1,1,1,1,1,0,0,1,0,1,1,10,2,2198
270,12,1,1,0,0,0,0,0,0,0,0,0,1,0,1,1,1,5,1,1,1,1,1,1,1,0,0,1,0,1,1,10,1,2185
293,13,5,1,0,0,0,0,0,0,0,0,0,1,0,1,1,1,5,1,1,1,1,1,1,1,0,0,1,0,1,1,10,1,2209
932,41,5,1,0,0,0,0,0,0,0,0,0,1,0,1,1,1,5,1,1,1,1,1,1,1,0,0,1,0,1,1,10,2,2170
148,6,1,1,0,0,0,0,0,0,0,0,0,1,0,1,1,1,5,1,1,1,1,1,1,1,0,0,1,0,1,1,10,1,2195
676,30,3,1,0,0,0,0,0,0,0,0,0,1,0,1,1,1,5,1,1,1,1,1,1,1,0,0,1,0,1,1,10,1,2156
227,10,2,1,0,0,0,0,0,0,0,0,0,1,0,1,1,1,5,1,1,1,1,1,1,1,0,0,1,0,1,1,10,1,2158
683,28,3,1,0,0,0,0,0,0,0,0,0,1,0,1,1,1,5,1,1,1,1,1,1,1,0,0,1,0,1,1,10,1,2215
1894,78,7,1,0,0,0,0,0,0,0,0,0,1,0,1,1,1,5,1,1,1,1,1,1,1,0,0,1,0,1,1,10,2,2224
380,16,1,1,0,0,0,0,0,0,0,0,0,1,0,1,1,1,5,1,1,1,1,1,1,1,0,0,1,0,1,1,10,1,2261
558,23,3,1,0,0,0,0,0,0,0,0,0,1,0,1,1,1,5,1,1,1,1,1,1,1,0,0,1,0,1,1,10,1,2234
191,8,1,1,0,0,0,0,0,0,0,0,0,1,0,1,1,1,5,1,1,1,1,1,1,1,0,0,1,0,1,1,10,1,2264
354,15,3,1,0,0,0,0,0,0,0,0,0,1,0,1,1,1,5,1,1,1,1,1,1,1,0,0,1,0,1,1,10,1,2256
506,21,3,1,0,0,0,0,0,0,0,0,0,1,0,1,1,1,5,1,1,1,1,1,1,1,0,0,1,0,1,1,10,1,2229
367,15,2,1,0,0,0,0,0,0,0,0,0,1,0,1,1,1,5,1,1,1,1,1,1,1,0,0,1,0,1,1,10,1,2230
152,6,1,1,0,0,0,0,0,0,0,0,0,1,0,1,1,1,5,1,1,1,1,1,1,1,0,0,1,0,1,1,10,1,2322
197,8,2,1,0,0,0,0,0,0,0,0,0,1,0,1,1,1,5,1,1,1,1,1,1,1,0,0,1,0,1,1,10,1,2306
614,25,3,1,0,0,0,0,0,0,0,0,0,1,0,1,1,1,5,1,1,1,1,1,1,1,0,0,1,0,1,1,10,1,2296
225,9,1,1,0,0,0,0,0,0,0,0,0,1,0,1,1,1,5,1,1,1,1,1,1,1,0,0,1,0,1,1,10,1,2300
175,7,4,1,0,0,0,0,0,0,0,0,0,1,0,1,1,1,5,1,1,1,1,1,1,1,0,0,1,0,1,1,10,1,2279
1639,63,10,1,0,0,0,0,0,0,0,0,0,1,0,1,1,1,5,1,1,1,1,1,1,1,0,0,1,0,1,1,10,2,2368
497,19,3,1,0,0,0,0,0,0,0,0,0,1,0,1,1,1,5,1,1,1,1,1,1,1,0,0,1,0,1,1,10,1,2341
255,10,1,1,0,0,0,0,0,0,0,0,0,1,0,1,1,1,5,1,1,1,1,1,1,1,0,0,1,0,1,1,10,1,2362
1591,62,8,1,0,0,0,0,0,0,0,0,0,1,0,1,1,1,5,1,1,1,1,1,1,1,0,0,1,0,1,1,10,1,2367
2087,76,4,1,0,0,0,0,0,0,0,0,0,1,0,1,1,1,5,1,1,1,1,1,1,1,0,0,1,0,1,1,10,2,2421
328,12,1,1,0,0,0,0,0,0,0,0,0,1,0,1,1,1,5,1,1,1,1,1,1,1,0,0,1,0,1,1,10,1,2424
795,30,3,1,0,0,0,0,0,0,0,0,0,1,0,1,1,1,5,1,1,1,1,1,1,1,0,0,1,0,1,1,10,1,2391
12912,101,12,1,0,0,0,0,0,0,0,0,0,1,0,1,1,1,5,1,1,1,1,1,1,1,0,0,1,0,1,1,10,2,2429
880,32,3,1,0,0,0,0,0,0,0,0,0,1,0,1,1,1,5,1,1,1,1,1,1,1,0,0,1,0,1,1,10,1,2436
333,12,2,1,0,0,0,0,0,0,0,0,0,1,0,1,1,1,5,1,1,1,1,1,1,1,0,0,1,0,1,1,10,1,2432
1451,51,7,1,0,0,0,0,0,0,0,0,0,1,0,1,1,1,5,1,1,1,1,1,1,1,0,0,1,0,1,1,10,2,2467
785,28,3,1,0,0,0,0,0,0,0,0,0,1,0,1,1,1,5,1,1,1,1,1,1,1,0,0,1,0,1,1,10,1,2430
915,32,2,1,0,0,0,0,0,0,0,0,0,1,0,1,1,1,5,1,1,1,1,1,1,1,0,0,1,0,1,1,10,2,2493
2508,87,3,1,0,0,0,0,0,0,0,0,0,1,0,1,1,1,5,1,1,1,1,1,1,1,0,0,1,0,1,1,10,2,2515
703,24,4,1,0,0,0,0,0,0,0,0,0,1,0,1,1,1,5,1,1,1,1,1,1,1,0,0,1,0,1,1,10,1,2490
201,7,1,1,0,0,0,0,0,0,0,0,0,1,0,1,1,1,5,1,1,1,1,1,1,1,0,0,1,0,1,1,10,1,2513
287,10,1,1,0,0,0,0,0,0,0,0,0,1,0,1,1,1,5,1,1,1,1,1,1,1,0,0,1,0,1,1,10,1,2516
3755,129,2,1,0,0,0,0,0,0,0,0,0,1,0,1,1,1,5,1,1,1,1,1,1,1,0,0,1,0,1,1,10,2,2509
456,16,1,1,0,0,0,0,0,0,0,0,0,1,0,1,1,1,5,1,1,1,1,1,1,1,0,0,1,0,1,1,10,1,2479
597,20,2,1,0,0,0,0,0,0,0,0,0,1,0,1,1,1,5,1,1,1,1,1,1,1,0,0,1,0,1,1,10,3,2535
274,9,10,1,0,0,0,0,0,0,0,0,0,1,0,1,1,1,5,1,1,1,1,1,1,1,0,0,1,0,1,1,10,1,2555
328,11,2,1,0,0,0,0,0,0,0,0,0,1,0,1,1,1,5,1,1,1,1,1,1,1,0,0,1,0,1,1,10,1,2528
434,14,2,1,0,0,0,0,0,0,0,0,0,1,0,1,1,1,5,1,1,1,1,1,1,1,0,0,1,0,1,1,10,1,2561
275,9,1,1,0,0,0,0,0,0,0,0,0,1,0,1,1,1,5,1,1,1,1,1,1,1,0,0,1,0,1,1,10,1,2601
247,8,2,1,0,0,0,0,0,0,0,0,0,1,0,1,1,1,5,1,1,1,1,1,1,1,0,0,1,0,1,1,10,1,2575
1072,33,1,1,0,0,0,0,0,0,0,0,0,1,0,1,1,1,5,1,1,1,1,1,1,1,0,0,1,0,1,1,10,1,2637
160,5,2,1,0,0,0,0,0,0,0,0,0,1,0,1,1,1,5,1,1,1,1,1,1,1,0,0,1,0,1,1,10,1,2619
356,11,2,1,0,0,0,0,0,0,0,0,0,1,0,1,1,1,5,1,1,1,1,1,1,1,0,0,1,0,1,1,10,1,2630
354,11,3,1,0,0,0,0,0,0,0,0,0,1,0,1,1,1,5,1,1,1,1,1,1,1,0,0,1,0,1,1,10,1,2615
4578,137,2,1,0,0,0,0,0,0,0,0,0,1,0,1,1,1,5,1,1,1,1,1,1,1,0,0,1,0,1,1,10,2,2645
467,14,2,1,0,0,0,0,0,0,0,0,0,1,0,1,1,1,5,1,1,1,1,1,1,1,0,0,1,0,1,1,10,2,2672
554,17,5,1,0,0,0,0,0,0,0,0,0,1,0,1,1,1,5,1,1,1,1,1,1,1,0,0,1,0,1,1,10,1,2641
296,9,5,1,0,0,0,0,0,0,0,0,0,1,0,1,1,1,5,1,1,1,1,1,1,1,0,0,1,0,1,1,10,1,2643
626,19,2,1,0,0,0,0,0,0,0,0,0,1,0,1,1,1,5,1,1,1,1,1,1,1,0,0,1,0,1,1,10,1,2681
2365,71,10,1,0,0,0,0,0,0,0,0,0,1,0,1,1,1,5,1,1,1,1,1,1,1,0,0,1,0,1,1,10,2,2677
1023,29,5,1,0,0,0,0,0,0,0,0,0,1,0,1,1,1,5,1,1,1,1,1,1,1,0,0,1,0,1,1,10,1,2746
290,11,2,1,0,0,0,0,0,0,0,0,0,1,0,1,1,1,5,1,1,1,1,1,1,1,0,0,1,0,1,1,10,1,2723
864,25,3,1,0,0,0,0,0,0,0,0,0,1,0,1,1,1,5,1,1,1,1,1,1,1,0,0,1,0,1,1,10,1,2734
471,13,2,1,0,0,0,0,0,0,0,0,0,1,0,1,1,1,5,1,1,1,1,1,1,1,0,0,1,0,1,1,10,1,2752
890,25,2,1,0,0,0,0,0,0,0,0,0,1,0,1,1,1,5,1,1,1,1,1,1,1,0,0,1,0,1,1,10,1,2774
403,11,2,1,0,0,0,0,0,0,0,0,0,1,0,1,1,1,5,1,1,1,1,1,1,1,0,0,1,0,1,1,10,1,2783
1407,38,6,1,0,0,0,0,0,0,0,0,0,1,0,1,1,1,5,1,1,1,1,1,1,1,0,0,1,0,1,1,10,2,2806
848,23,4,1,0,0,0,0,0,0,0,0,0,1,0,1,1,1,5,1,1,1,1,1,1,1,0,0,1,0,1,1,10,1,2788
675,18,2,1,0,0,0,0,0,0,0,0,0,1,0,1,1,1,5,1,1,1,1,1,1,1,0,0,1,0,1,1,10,1,2833
826,21,2,1,0,0,0,0,0,0,0,0,0,1,0,1,1,1,5,1,1,1,1,1,1,1,0,0,1,0,1,1,10,1,2840
77,2,1,1,0,0,0,0,0,0,0,0,0,1,0,1,1,1,5,1,1,1,1,1,1,1,0,0,1,0,1,1,10,1,2864
1248,32,4,1,0,0,0,0,0,0,0,0,0,1,0,1,1,1,5,1,1,1,1,1,1,1,0,0,1,0,1,1,10,2,2843
735,19,2,1,0,0,0,0,0,0,0,0,0,1,0,1,1,1,5,1,1,1,1,1,1,1,0,0,1,0,1,1,10,1,2857
1368,35,3,1,0,0,0,0,0,0,0,0,0,1,0,1,1,1,5,1,1,1,1,1,1,1,0,0,1,0,1,1,10,1,2870
966,24,4,1,0,0,0,0,0,0,0,0,0,1,0,1,1,1,5,1,1,1,1,1,1,1,0,0,1,0,1,1,10,1,2877
986,24,3,1,0,0,0,0,0,0,0,0,0,1,0,1,1,1,5,1,1,1,1,1,1,1,0,0,1,0,1,1,10,1,2899
162,4,1,1,0,0,0,0,0,0,0,0,0,1,0,1,1,1,5,1,1,1,1,1,1,1,0,0,1,0,1,1,10,1,2920
171,4,1,1,0,0,0,0,0,0,0,0,0,1,0,1,1,1,5,1,1,1,1,1,1,1,0,0,1,0,1,1,10,1,2959
598,14,2,1,0,0,0,0,0,0,0,0,0,1,0,1,1,1,5,1,1,1,1,1,1,1,0,0,1,0,1,1,10,1,2946
5427,125,7,1,0,0,0,0,0,0,0,0,0,1,0,1,1,1,5,1,1,1,1,1,1,1,0,0,1,0,1,1,10,2,2963
301,7,1,1,0,0,0,0,0,0,0,0,0,1,0,1,1,1,5,1,1,1,1,1,1,1,0,0,1,0,1,1,10,1,2958
8076,177,4,1,0,0,0,0,0,0,0,0,0,1,0,1,1,1,5,1,1,1,1,1,1,1,0,0,1,0,1,1,10,2,3002
9099,199,4,1,0,0,0,0,0,0,0,0,0,1,0,1,1,1,5,1,1,1,1,1,1,1,0,0,1,0,1,1,10,2,3006
935,20,3,1,0,0,0,0,0,0,0,0,0,1,0,1,1,1,5,1,1,1,1,1,1,1,0,0,1,0,1,1,10,1,3022
4669,99,3,1,0,0,0,0,0,0,0,0,0,1,0,1,1,1,5,1,1,1,1,1,1,1,0,0,1,0,1,1,10,2,3019
2199,46,3,1,0,0,0,0,0,0,0,0,0,1,0,1,1,1,5,1,1,1,1,1,1,1,0,0,1,0,1,1,10,1,3039
582,12,2,1,0,0,0,0,0,0,0,0,0,1,0,1,1,1,5,1,1,1,1,1,1,1,0,0,1,0,1,1,10,1,3054
4339,89,3,1,0,0,0,0,0,0,0,0,0,1,0,1,1,1,5,1,1,1,1,1,1,1,0,0,1,0,1,1,10,2,3052
969,19,3,1,0,0,0,0,0,0,0,0,0,1,0,1,1,1,5,1,1,1,1,1,1,1,0,0,1,0,1,1,10,1,3092
102,2,1,1,0,0,0,0,0,0,0,0,0,1,0,1,1,1,5,1,1,1,1,1,1,1,0,0,1,0,1,1,10,1,3097
936,18,2,1,0,0,0,0,0,0,0,0,0,1,0,1,1,1,5,1,1,1,1,1,1,1,0,0,1,0,1,1,10,1,3105
468,9,1,1,0,0,0,0,0,0,0,0,0,1,0,1,1,1,5,1,1,1,1,1,1,1,0,0,1,0,1,1,10,1,3099
2192,41,5,1,0,0,0,0,0,0,0,0,0,1,0,1,1,1,5,1,1,1,1,1,1,1,0,0,1,0,1,1,10,1,3113
216,4,1,1,0,0,0,0,0,0,0,0,0,1,0,1,1,1,5,1,1,1,1,1,1,1,0,0,1,0,1,1,10,1,3136
1231,23,1,1,0,0,0,0,0,0,0,0,0,1,0,1,1,1,5,1,1,1,1,1,1,1,0,0,1,0,1,1,10,1,3130
375,7,3,1,0,0,0,0,0,0,0,0,0,1,0,1,1,1,5,1,1,1,1,1,1,1,0,0,1,0,1,1,10,1,3132
273,5,2,1,0,0,0,0,0,0,0,0,0,1,0,1,1,1,5,1,1,1,1,1,1,1,0,0,1,0,1,1,10,1,3152
7346,132,6,1,0,0,0,0,0,0,0,0,0,1,0,1,1,1,5,1,1,1,1,1,1,1,0,0,1,0,1,1,10,2,3161
114,2,1,1,0,0,0,0,0,0,0,0,0,1,0,1,1,1,5,1,1,1,1,1,1,1,0,0,1,0,1,1,10,1,3170
478,8,2,1,0,0,0,0,0,0,0,0,0,1,0,1,1,1,5,1,1,1,1,1,1,1,0,0,1,0,1,1,10,1,3194
124,2,1,1,0,0,0,0,0,0,0,0,0,1,0,1,1,1,5,1,1,1,1,1,1,1,0,0,1,0,1,1,10,1,3225
185,3,1,1,0,0,0,0,0,0,0,0,0,1,0,1,1,1,5,1,1,1,1,1,1,1,0,0,1,0,1,1,10,1,3224
4596,73,5,1,0,0,0,0,0,0,0,0,0,1,0,1,1,1,5,1,1,1,1,1,1,1,0,0,1,0,1,1,10,1,3235
257,4,1,1,0,0,0,0,0,0,0,0,0,1,0,1,1,1,5,1,1,1,1,1,1,1,0,0,1,0,1,1,10,1,3244
68,2,1,1,0,0,0,0,0,0,0,0,0,1,0,1,1,1,5,1,1,1,1,1,1,1,0,0,1,0,1,1,10,1,3278
10761,151,6,1,0,0,0,0,0,0,0,0,0,1,0,1,1,1,5,1,1,1,1,1,1,1,0,0,1,0,1,1,10,2,3295
1277,18,3,1,0,0,0,0,0,0,0,0,0,1,0,1,1,1,5,1,1,1,1,1,1,1,0,0,1,0,1,1,10,1,3289
150,2,1,1,0,0,0,0,0,0,0,0,0,1,0,1,1,1,5,1,1,1,1,1,1,1,0,0,1,0,1,1,10,1,3317
157,2,1,1,0,0,0,0,0,0,0,0,0,1,0,1,1,1,5,1,1,1,1,1,1,1,0,0,1,0,1,1,10,1,3334
2842,72,3,1,0,0,0,0,0,0,0,0,0,1,0,1,1,1,5,1,1,1,1,1,1,1,0,0,1,0,1,1,10,2,3335
2286,27,2,1,0,0,0,0,0,0,0,0,0,1,0,1,1,1,5,1,1,1,1,1,1,1,0,0,1,0,1,1,10,2,3366
276,3,1,1,0,0,0,0,0,0,0,0,0,1,0,1,1,1,5,1,1,1,1,1,1,1,0,0,1,0,1,1,10,1,3386
746,8,2,1,0,0,0,0,0,0,0,0,0,1,0,1,1,1,5,1,1,1,1,1,1,1,0,0,1,0,1,1,10,1,3392
94,2,1,1,0,0,0,0,0,0,0,0,0,1,0,1,1,1,5,1,1,1,1,1,1,1,0,0,1,0,1,1,10,1,3393
1025,9,3,1,0,0,0,0,0,0,0,0,0,1,0,1,1,1,5,1,1,1,1,1,1,1,0,0,1,0,1,1,10,1,3438
1505,12,2,1,0,0,0,0,0,0,0,0,0,1,0,1,1,1,5,1,1,1,1,1,1,1,0,0,1,0,1,1,10,2,3455
140,2,1,1,0,0,0,0,0,0,0,0,0,1,0,1,1,1,5,1,1,1,1,1,1,1,0,0,1,0,1,1,10,1,3463
34717,1059,33,1,1,1,1,1,0,0,1,1,1,1,1,1,1,1,13,1,1,1,1,1,1,1,1,1,1,1,1,1,13,3,20
22348,746,31,1,1,1,1,1,1,1,1,1,1,1,1,1,1,1,14,1,1,1,1,1,1,1,1,1,1,1,1,1,13,3,37
11398,365,33,1,1,1,1,1,1,1,1,1,1,1,1,1,1,1,14,1,1,1,1,1,1,1,1,1,1,1,1,1,13,3,39
14152,408,33,1,0,1,1,1,0,0,1,1,0,1,1,1,1,1,11,1,1,1,1,1,1,1,1,1,1,1,1,1,13,2,42
8079,359,28,1,0,1,1,1,0,1,1,1,0,1,1,1,1,1,12,1,1,1,1,1,1,1,1,1,1,1,1,1,13,3,43
10354,432,29,1,0,1,0,1,1,1,1,1,0,1,1,1,1,1,12,1,1,1,1,1,1,1,1,1,1,1,1,1,13,2,45
6942,225,13,1,1,1,1,1,0,1,1,1,0,1,1,1,1,1,13,1,1,1,1,1,1,1,1,1,1,1,1,1,13,2,56
8033,263,14,1,0,1,1,1,0,0,1,1,0,1,1,1,1,1,11,1,1,1,1,1,1,1,1,1,1,1,1,1,13,2,67
20861,470,44,1,0,0,0,0,0,0,0,0,0,1,0,1,1,1,5,1,1,1,1,1,1,1,0,0,1,0,1,1,10,2,86
4355,146,19,1,1,0,0,0,0,0,1,1,0,0,1,1,1,1,9,0,1,1,1,0,0,1,0,0,1,0,0,1,6,2,100
3892,109,13,1,1,1,1,0,0,1,1,1,0,1,0,1,1,1,11,1,1,1,1,1,1,1,0,0,1,0,1,1,10,2,112
10816,253,24,1,0,0,0,0,0,0,1,0,0,1,0,1,1,1,6,1,1,1,1,1,1,1,1,0,1,1,1,1,12,2,140
3923,137,15,1,0,0,0,0,0,0,0,0,0,1,0,1,1,1,5,0,1,1,1,0,0,1,0,0,1,0,0,0,5,2,142
13899,359,37,1,0,0,0,0,0,0,0,0,0,1,0,1,1,1,5,0,1,1,1,0,1,0,0,0,1,0,1,0,6,2,145
7981,251,30,1,0,0,0,0,0,0,0,0,0,1,0,1,1,1,5,0,1,1,1,0,0,1,0,0,1,0,0,0,5,2,147
5955,161,21,1,0,0,0,0,0,1,1,1,0,1,0,1,1,1,8,1,1,1,1,1,1,1,0,0,1,0,1,1,10,2,150
237,29,6,1,0,0,0,0,0,0,0,0,0,1,0,1,1,1,5,1,1,1,1,1,1,1,0,0,1,0,1,1,10,1,195
7957,215,25,1,0,1,1,1,0,1,1,0,0,1,1,1,1,1,11,1,1,1,1,1,1,1,1,1,1,1,1,1,13,1,204
7991,208,27,1,0,1,0,1,1,0,1,0,0,1,1,1,1,1,10,1,1,1,1,1,1,1,1,1,1,1,1,1,13,2,213
914,54,14,1,1,1,0,0,0,0,1,0,0,1,1,1,1,1,9,1,1,1,1,1,1,1,1,1,1,1,1,1,13,2,215
2943,127,16,1,0,1,0,0,0,1,1,0,0,1,0,1,1,1,8,1,1,1,1,1,1,1,1,1,1,1,1,1,13,1,219
3423,151,14,1,0,1,0,0,0,0,1,0,0,1,0,1,1,1,7,1,1,1,1,1,1,1,1,1,1,1,1,1,13,2,223
4207,191,19,1,1,1,0,1,1,0,1,0,0,1,1,1,1,1,11,1,1,1,1,1,1,1,1,1,1,1,1,1,13,2,240
3016,111,20,1,0,1,0,1,0,0,1,0,0,1,0,1,1,1,8,1,1,1,1,1,1,1,0,1,1,1,1,1,12,2,246
852,46,6,1,0,1,0,0,0,1,1,1,0,1,0,1,1,1,9,1,1,1,1,1,1,1,0,0,1,0,1,1,10,1,247
800,57,12,1,0,1,0,0,0,0,1,1,0,1,0,1,1,1,8,1,1,1,1,1,1,1,0,1,1,1,1,1,12,1,276
11272,289,18,1,0,1,0,0,0,0,1,1,0,1,0,1,1,1,8,1,1,1,1,1,1,1,0,1,1,1,1,1,12,2,280
3785,123,16,1,0,0,0,0,0,1,0,1,0,1,0,1,1,1,7,1,1,1,0,1,1,1,0,1,1,0,1,1,11,1,281
3882,166,22,1,0,0,0,0,0,0,0,0,0,1,0,1,1,1,5,1,1,1,1,1,1,1,0,0,1,0,1,1,10,2,282
5152,123,14,1,0,1,0,1,0,1,1,1,0,1,1,1,1,1,11,1,1,1,1,1,1,1,1,1,1,1,1,1,13,2,290
2372,74,14,1,0,1,0,0,0,0,1,0,0,1,0,1,1,1,7,1,1,1,1,1,1,1,1,1,1,1,1,1,13,2,300
1445,48,7,1,1,1,0,0,0,1,1,1,0,1,1,1,1,1,11,1,1,1,1,1,1,1,1,1,1,1,1,1,13,1,303
4746,70,11,1,1,1,0,0,0,0,1,0,0,1,0,1,1,1,8,1,1,1,1,1,1,1,1,1,1,1,1,1,13,1,307
2442,109,15,1,0,1,0,0,0,1,1,1,0,1,0,1,1,1,9,1,1,1,1,1,1,1,1,1,1,0,1,1,12,0,318
2054,96,14,1,0,0,0,0,0,0,0,0,0,1,0,1,1,1,5,1,1,1,1,1,1,1,0,0,1,0,1,1,10,1,326
3579,136,16,1,0,1,0,0,0,0,1,1,0,1,0,1,1,1,8,1,1,1,1,1,1,1,0,0,1,0,1,1,10,1,346
1811,93,12,1,0,1,0,0,0,0,1,0,0,1,1,1,1,1,8,1,1,1,1,1,1,1,1,1,1,1,1,1,13,1,365
272,66,5,1,0,1,0,0,0,0,1,0,0,1,0,1,1,1,7,1,1,1,1,1,1,1,1,1,1,1,1,1,13,1,377
712,41,9,1,0,0,0,0,0,0,0,0,0,1,0,1,1,1,5,1,1,1,1,1,1,1,0,0,1,0,1,1,10,1,383
2395,86,14,1,0,1,0,0,0,0,1,0,0,1,0,1,1,1,7,1,1,1,1,1,1,1,1,1,1,1,1,1,13,2,392
965,46,4,1,0,1,0,0,0,0,1,1,0,1,0,1,1,1,8,1,1,1,1,1,1,1,0,0,1,1,1,1,11,0,427
772,58,18,1,0,0,0,0,0,0,0,0,0,1,0,1,1,1,5,1,1,1,1,1,1,1,0,0,1,0,1,1,10,1,428
2386,114,13,1,0,0,0,0,0,0,0,0,0,1,0,1,1,1,5,1,1,1,1,1,1,1,0,0,1,0,1,1,10,1,435
3193,97,21,1,0,0,0,0,0,0,0,0,0,1,0,1,1,1,5,1,1,1,1,1,1,1,0,0,1,0,1,1,10,1,439
3061,84,18,1,0,0,0,0,0,0,0,0,0,1,0,1,1,1,5,1,1,1,1,1,1,1,0,0,1,0,1,1,10,1,443
132,3,2,1,0,0,0,0,0,0,0,0,0,1,0,1,1,1,5,1,1,1,1,1,1,1,0,0,1,0,1,1,10,1,516
322,9,4,1,0,0,0,0,0,0,0,0,0,1,0,1,1,1,5,1,1,1,1,1,1,1,0,0,1,0,1,1,10,1,589
162,6,2,1,0,0,0,0,0,0,0,0,0,1,0,1,1,1,5,1,1,1,1,1,1,1,0,0,1,0,1,1,10,1,525
151,88,11,1,0,0,0,0,0,0,0,0,0,1,0,1,1,1,5,1,1,1,1,1,1,1,0,0,1,0,1,1,10,1,549
234,12,3,1,0,0,0,0,0,0,0,0,0,1,0,1,1,1,5,1,1,1,1,1,1,1,0,0,1,0,1,1,10,1,571
187,6,2,1,0,0,0,0,0,0,0,0,0,1,0,1,1,1,5,1,1,1,1,1,1,1,0,0,1,0,1,1,10,1,658
253,8,1,1,0,0,0,0,0,0,0,0,0,1,0,1,1,1,5,1,1,1,1,1,1,1,0,0,1,0,1,1,10,1,611
481,16,2,1,0,0,0,0,0,0,0,0,0,1,0,1,1,1,5,1,1,1,1,1,1,1,0,0,1,0,1,1,10,1,600
602,14,1,1,0,0,0,0,0,0,0,0,0,1,0,1,1,1,5,1,1,1,1,1,1,1,0,0,1,0,1,1,10,1,673
56,13,6,1,0,0,0,0,0,0,0,0,0,1,0,1,1,1,5,1,1,1,1,1,1,1,0,0,1,0,1,1,10,1,698
30,7,2,1,0,0,0,0,0,0,0,0,0,1,0,1,1,1,5,1,1,1,1,1,1,1,0,0,1,0,1,1,10,1,704
44,10,1,1,0,0,0,0,0,0,0,0,0,1,0,1,1,1,5,1,1,1,1,1,1,1,0,0,1,0,1,1,10,1,719
46,13,2,1,0,0,0,0,0,0,0,0,0,1,0,1,1,1,5,1,1,1,1,1,1,1,0,0,1,0,1,1,10,1,676
37,10,2,1,0,0,0,0,0,0,0,0,0,1,0,1,1,1,5,1,1,1,1,1,1,1,0,0,1,0,1,1,10,1,671
145,28,3,1,0,0,0,0,0,0,0,0,0,1,0,1,1,1,5,1,1,1,1,1,1,1,0,0,1,0,1,1,10,1,782
64,14,1,1,0,0,0,0,0,0,0,0,0,1,0,1,1,1,5,1,1,1,1,1,1,1,0,0,1,0,1,1,10,1,740
38,8,1,1,0,0,0,0,0,0,0,0,0,1,0,1,1,1,5,1,1,1,1,1,1,1,0,0,1,0,1,1,10,1,743
52,10,2,1,0,0,0,0,0,0,0,0,0,1,0,1,1,1,5,1,1,1,1,1,1,1,0,0,1,0,1,1,10,1,786
60,11,1,1,0,0,0,0,0,0,0,0,0,1,0,1,1,1,5,1,1,1,1,1,1,1,0,0,1,0,1,1,10,1,783
133,28,3,1,0,0,0,0,0,0,0,0,0,1,0,1,1,1,5,1,1,1,1,1,1,1,0,0,1,0,1,1,10,1,757
183,39,4,1,0,0,0,0,0,0,0,0,0,1,0,1,1,1,5,1,1,1,1,1,1,1,0,0,1,0,1,1,10,1,751
63,10,3,1,0,0,0,0,0,0,0,0,0,1,0,1,1,1,5,1,1,1,1,1,1,1,0,0,1,0,1,1,10,1,828
68,12,2,1,0,0,0,0,0,0,0,0,0,1,0,1,1,1,5,1,1,1,1,1,1,1,0,0,1,0,1,1,10,1,814
38,6,1,1,0,0,0,0,0,0,0,0,0,1,0,1,1,1,5,1,1,1,1,1,1,1,0,0,1,0,1,1,10,1,808
1843,102,13,1,0,0,0,0,0,0,0,0,0,1,0,1,1,1,5,1,1,1,1,1,1,1,0,0,1,0,1,1,10,1,803
62,10,2,1,0,0,0,0,0,0,0,0,0,1,0,1,1,1,5,1,1,1,1,1,1,1,0,0,1,0,1,1,10,1,840
80,14,3,1,0,0,0,0,0,0,0,0,0,1,0,1,1,1,5,1,1,1,1,1,1,1,0,0,1,0,1,1,10,1,855
42,6,3,1,0,0,0,0,0,0,0,0,0,1,0,1,1,1,5,1,1,1,1,1,1,1,0,0,1,0,1,1,10,1,852
38,6,1,1,0,0,0,0,0,0,0,0,0,1,0,1,1,1,5,1,1,1,1,1,1,1,0,0,1,0,1,1,10,1,798
34,6,1,1,0,0,0,0,0,0,0,0,0,1,0,1,1,1,5,1,1,1,1,1,1,1,0,0,1,0,1,1,10,1,802
66,9,1,1,0,0,0,0,0,0,0,0,0,1,0,1,1,1,5,1,1,1,1,1,1,1,0,0,1,0,1,1,10,1,944
65,10,1,1,0,0,0,0,0,0,0,0,0,1,0,1,1,1,5,1,1,1,1,1,1,1,0,0,1,0,1,1,10,1,877
59,9,1,1,0,0,0,0,0,0,0,0,0,1,0,1,1,1,5,1,1,1,1,1,1,1,0,0,1,0,1,1,10,1,879
67,10,4,1,0,0,0,0,0,0,0,0,0,1,0,1,1,1,5,1,1,1,1,1,1,1,0,0,1,0,1,1,10,1,927
98,3,2,1,0,0,0,0,0,0,0,0,0,1,0,1,1,1,5,1,1,1,1,1,1,1,0,0,1,0,1,1,10,1,933
224,30,5,1,0,0,0,0,0,0,0,0,0,1,0,1,1,1,5,1,1,1,1,1,1,1,0,0,1,0,1,1,10,1,901
73,9,5,1,0,0,0,0,0,0,0,0,0,1,0,1,1,1,5,1,1,1,1,1,1,1,0,0,1,0,1,1,10,1,1012
65,8,2,1,0,0,0,0,0,0,0,0,0,1,0,1,1,1,5,1,1,1,1,1,1,1,0,0,1,0,1,1,10,1,961
56,7,1,1,0,0,0,0,0,0,0,0,0,1,0,1,1,1,5,1,1,1,1,1,1,1,0,0,1,0,1,1,10,1,1031
195,25,6,1,0,0,0,0,0,0,0,0,0,1,0,1,1,1,5,1,1,1,1,1,1,1,0,0,1,0,1,1,10,1,1001
42,2,3,1,0,0,0,0,0,0,0,0,0,1,0,1,1,1,5,1,1,1,1,1,1,1,0,0,1,0,1,1,10,1,1039
143,17,3,1,0,0,0,0,0,0,0,0,0,1,0,1,1,1,5,1,1,1,1,1,1,1,0,0,1,0,1,1,10,1,990
136,18,7,1,0,0,0,0,0,0,0,0,0,1,0,1,1,1,5,1,1,1,1,1,1,1,0,0,1,0,1,1,10,1,1006
302,39,2,1,0,0,0,0,0,0,0,0,0,1,0,1,1,1,5,1,1,1,1,1,1,1,0,0,1,0,1,1,10,1,987
155,20,2,1,0,0,0,0,0,0,0,0,0,1,0,1,1,1,5,1,1,1,1,1,1,1,0,0,1,0,1,1,10,1,1019
76,10,1,1,0,0,0,0,0,0,0,0,0,1,0,1,1,1,5,1,1,1,1,1,1,1,0,0,1,0,1,1,10,1,1026
183,21,3,1,0,0,0,0,0,0,0,0,0,1,0,1,1,1,5,1,1,1,1,1,1,1,0,0,1,0,1,1,10,1,1088
129,14,3,1,0,0,0,0,0,0,0,0,0,1,0,1,1,1,5,1,1,1,1,1,1,1,0,0,1,0,1,1,10,1,1083
121,14,3,1,0,0,0,0,0,0,0,0,0,1,0,1,1,1,5,1,1,1,1,1,1,1,0,0,1,0,1,1,10,1,1079
35,2,2,1,0,0,0,0,0,0,0,0,0,1,0,1,1,1,5,1,1,1,1,1,1,1,0,0,1,0,1,1,10,1,1092
54,6,1,1,0,0,0,0,0,0,0,0,0,1,0,1,1,1,5,1,1,1,1,1,1,1,0,0,1,0,1,1,10,1,1071
544,63,14,1,0,0,0,0,0,0,0,0,0,1,0,1,1,1,5,1,1,1,1,1,1,1,0,0,1,0,1,1,10,1,1045
61,6,4,1,0,0,0,0,0,0,0,0,0,1,0,1,1,1,5,1,1,1,1,1,1,1,0,0,1,0,1,1,10,1,1123
30,3,1,1,0,0,0,0,0,0,0,0,0,1,0,1,1,1,5,1,1,1,1,1,1,1,0,0,1,0,1,1,10,1,1117
165,17,3,1,0,0,0,0,0,0,0,0,0,1,0,1,1,1,5,1,1,1,1,1,1,1,0,0,1,0,1,1,10,1,1131
102,10,1,1,0,0,0,0,0,0,0,0,0,1,0,1,1,1,5,1,1,1,1,1,1,1,0,0,1,0,1,1,10,1,1144
185,19,3,1,0,0,0,0,0,0,0,0,0,1,0,1,1,1,5,1,1,1,1,1,1,1,0,0,1,0,1,1,10,1,1163
130,13,1,1,0,0,0,0,0,0,0,0,0,1,0,1,1,1,5,1,1,1,1,1,1,1,0,0,1,0,1,1,10,1,1153
122,12,2,1,0,0,0,0,0,0,0,0,0,1,0,1,1,1,5,1,1,1,1,1,1,1,0,0,1,0,1,1,10,1,1173
290,29,2,1,0,0,0,0,0,0,0,0,0,1,0,1,1,1,5,1,1,1,1,1,1,1,0,0,1,0,1,1,10,1,1158
148,15,3,1,0,0,0,0,0,0,0,0,0,1,0,1,1,1,5,1,1,1,1,1,1,1,0,0,1,0,1,1,10,1,1159
61,6,1,1,0,0,0,0,0,0,0,0,0,1,0,1,1,1,5,1,1,1,1,1,1,1,0,0,1,0,1,1,10,1,1184
143,14,3,1,0,0,0,0,0,0,0,0,0,1,0,1,1,1,5,1,1,1,1,1,1,1,0,0,1,0,1,1,10,1,1167
43,4,2,1,0,0,0,0,0,0,0,0,0,1,0,1,1,1,5,1,1,1,1,1,1,1,0,0,1,0,1,1,10,1,1272
77,7,1,1,0,0,0,0,0,0,0,0,0,1,0,1,1,1,5,1,1,1,1,1,1,1,0,0,1,0,1,1,10,1,1249
53,5,1,1,0,0,0,0,0,0,0,0,0,1,0,1,1,1,5,1,1,1,1,1,1,1,0,0,1,0,1,1,10,1,1263
137,12,1,1,0,0,0,0,0,0,0,0,0,1,0,1,1,1,5,1,1,1,1,1,1,1,0,0,1,0,1,1,10,1,1240
124,11,2,1,0,0,0,0,0,0,0,0,0,1,0,1,1,1,5,1,1,1,1,1,1,1,0,0,1,0,1,1,10,1,1232
379,35,6,1,0,0,0,0,0,0,0,0,0,1,0,1,1,1,5,1,1,1,1,1,1,1,0,0,1,0,1,1,10,1,1229
282,25,3,1,0,0,0,0,0,0,0,0,0,1,0,1,1,1,5,1,1,1,1,1,1,1,0,0,1,0,1,1,10,1,1291
301,28,2,1,0,0,0,0,0,0,0,0,0,1,0,1,1,1,5,1,1,1,1,1,1,1,0,0,1,0,1,1,10,1,1241
152,14,1,1,0,0,0,0,0,0,0,0,0,1,0,1,1,1,5,1,1,1,1,1,1,1,0,0,1,0,1,1,10,1,1235
105,10,1,1,0,0,0,0,0,0,0,0,0,1,0,1,1,1,5,1,1,1,1,1,1,1,0,0,1,0,1,1,10,1,1226
166,14,2,1,0,0,0,0,0,0,0,0,0,1,0,1,1,1,5,1,1,1,1,1,1,1,0,0,1,0,1,1,10,1,1375
183,15,3,1,0,0,0,0,0,0,0,0,0,1,0,1,1,1,5,1,1,1,1,1,1,1,0,0,1,0,1,1,10,1,1380
226,19,3,1,0,0,0,0,0,0,0,0,0,1,0,1,1,1,5,1,1,1,1,1,1,1,0,0,1,0,1,1,10,1,1353
419,34,7,1,0,0,0,0,0,0,0,0,0,1,0,1,1,1,5,1,1,1,1,1,1,1,0,0,1,0,1,1,10,1,1326
135,11,2,1,0,0,0,0,0,0,0,0,0,1,0,1,1,1,5,1,1,1,1,1,1,1,0,0,1,0,1,1,10,1,1381
92,8,6,1,0,0,0,0,0,0,0,0,0,1,0,1,1,1,5,1,1,1,1,1,1,1,0,0,1,0,1,1,10,1,1302
337,29,5,1,0,0,0,0,0,0,0,0,0,1,0,1,1,1,5,1,1,1,1,1,1,1,0,0,1,0,1,1,10,1,1343
373,32,4,1,0,0,0,0,0,0,0,0,0,1,0,1,1,1,5,1,1,1,1,1,1,1,0,0,1,0,1,1,10,1,1359
450,37,6,1,0,0,0,0,0,0,0,0,0,1,0,1,1,1,5,1,1,1,1,1,1,1,0,0,1,0,1,1,10,1,1331
142,12,1,1,0,0,0,0,0,0,0,0,0,1,0,1,1,1,5,1,1,1,1,1,1,1,0,0,1,0,1,1,10,1,1308
199,16,2,1,0,0,0,0,0,0,0,0,0,1,0,1,1,1,5,1,1,1,1,1,1,1,0,0,1,0,1,1,10,1,1313
205,17,3,1,0,0,0,0,0,0,0,0,0,1,0,1,1,1,5,1,1,1,1,1,1,1,0,0,1,0,1,1,10,1,1357
374,32,4,1,0,0,0,0,0,0,0,0,0,1,0,1,1,1,5,1,1,1,1,1,1,1,0,0,1,0,1,1,10,1,1328
84,7,1,1,0,0,0,0,0,0,0,0,0,1,0,1,1,1,5,1,1,1,1,1,1,1,0,0,1,0,1,1,10,1,1325
40,3,1,1,0,0,0,0,0,0,0,0,0,1,0,1,1,1,5,1,1,1,1,1,1,1,0,0,1,0,1,1,10,1,1429
1849,141,7,1,0,0,0,0,0,0,0,0,0,1,0,1,1,1,5,1,1,1,1,1,1,1,0,0,1,0,1,1,10,1,1435
515,40,13,1,0,0,0,0,0,0,0,0,0,1,0,1,1,1,5,1,1,1,1,1,1,1,0,0,1,0,1,1,10,1,1407
352,28,3,1,0,0,0,0,0,0,0,0,0,1,0,1,1,1,5,1,1,1,1,1,1,1,0,0,1,0,1,1,10,1,1437
168,13,2,1,0,0,0,0,0,0,0,0,0,1,0,1,1,1,5,1,1,1,1,1,1,1,0,0,1,0,1,1,10,1,1396
107,8,1,1,0,0,0,0,0,0,0,0,0,1,0,1,1,1,5,1,1,1,1,1,1,1,0,0,1,0,1,1,10,1,1426
91,7,1,1,0,0,0,0,0,0,0,0,0,1,0,1,1,1,5,1,1,1,1,1,1,1,0,0,1,0,1,1,10,1,1427
1479,118,8,1,0,0,0,0,0,0,0,0,0,1,0,1,1,1,5,1,1,1,1,1,1,1,0,0,1,0,1,1,10,1,1440
76,6,1,1,0,0,0,0,0,0,0,0,0,1,0,1,1,1,5,1,1,1,1,1,1,1,0,0,1,0,1,1,10,0,1411
282,22,3,1,0,0,0,0,0,0,0,0,0,1,0,1,1,1,5,1,1,1,1,1,1,1,0,0,1,0,1,1,10,1,1474
838,66,11,1,0,0,0,0,0,0,0,0,0,1,0,1,1,1,5,1,1,1,1,1,1,1,0,0,1,0,1,1,10,1,1393
484,34,4,1,0,0,0,0,0,0,0,0,0,1,0,1,1,1,5,1,1,1,1,1,1,1,0,0,1,0,1,1,10,1,1553
56,4,1,1,0,0,0,0,0,0,0,0,0,1,0,1,1,1,5,1,1,1,1,1,1,1,0,0,1,0,1,1,10,1,1510
380,28,4,1,0,0,0,0,0,0,0,0,0,1,0,1,1,1,5,1,1,1,1,1,1,1,0,0,1,0,1,1,10,1,1547
215,15,5,1,0,0,0,0,0,0,0,0,0,1,0,1,1,1,5,1,1,1,1,1,1,1,0,0,1,0,1,1,10,1,1548
111,8,1,1,0,0,0,0,0,0,0,0,0,1,0,1,1,1,5,1,1,1,1,1,1,1,0,0,1,0,1,1,10,1,1549
459,33,2,1,0,0,0,0,0,0,0,0,0,1,0,1,1,1,5,1,1,1,1,1,1,1,0,0,1,0,1,1,10,1,1496
125,9,1,1,0,0,0,0,0,0,0,0,0,1,0,1,1,1,5,1,1,1,1,1,1,1,0,0,1,0,1,1,10,1,1498
280,20,2,1,0,0,0,0,0,0,0,0,0,1,0,1,1,1,5,1,1,1,1,1,1,1,0,0,1,0,1,1,10,1,1544
199,14,2,1,0,0,0,0,0,0,0,0,0,1,0,1,1,1,5,1,1,1,1,1,1,1,0,0,1,0,1,1,10,1,1545
168,12,1,1,0,0,0,0,0,0,0,0,0,1,0,1,1,1,5,1,1,1,1,1,1,1,0,0,1,0,1,1,10,1,1499
202,14,2,1,0,0,0,0,0,0,0,0,0,1,0,1,1,1,5,1,1,1,1,1,1,1,0,0,1,0,1,1,10,1,1529
130,9,1,1,0,0,0,0,0,0,0,0,0,1,0,1,1,1,5,1,1,1,1,1,1,1,0,0,1,0,1,1,10,1,1494
173,12,1,1,0,0,0,0,0,0,0,0,0,1,0,1,1,1,5,1,1,1,1,1,1,1,0,0,1,0,1,1,10,1,1508
309,20,1,1,0,0,0,0,0,0,0,0,0,1,0,1,1,1,5,1,1,1,1,1,1,1,0,0,1,0,1,1,10,1,1585
1147,78,3,1,0,0,0,0,0,0,0,0,0,1,0,1,1,1,5,1,1,1,1,1,1,1,0,0,1,0,1,1,10,1,1627
195,13,1,1,0,0,0,0,0,0,0,0,0,1,0,1,1,1,5,1,1,1,1,1,1,1,0,0,1,0,1,1,10,1,1638
107,7,3,1,0,0,0,0,0,0,0,0,0,1,0,1,1,1,5,1,1,1,1,1,1,1,0,0,1,0,1,1,10,1,1618
197,12,2,1,0,0,0,0,0,0,0,0,0,1,0,1,1,1,5,1,1,1,1,1,1,1,0,0,1,0,1,1,10,1,1650
93,6,1,1,0,0,0,0,0,0,0,0,0,1,0,1,1,1,5,1,1,1,1,1,1,1,0,0,1,0,1,1,10,1,1670
186,12,4,1,0,0,0,0,0,0,0,0,0,1,0,1,1,1,5,1,1,1,1,1,1,1,0,0,1,0,1,1,10,1,1718
174,11,2,1,0,0,0,0,0,0,0,0,0,1,0,1,1,1,5,1,1,1,1,1,1,1,0,0,1,0,1,1,10,1,1651
140,9,1,1,0,0,0,0,0,0,0,0,0,1,0,1,1,1,5,1,1,1,1,1,1,1,0,0,1,0,1,1,10,1,1671
80,5,2,1,0,0,0,0,0,0,0,0,0,1,0,1,1,1,5,1,1,1,1,1,1,1,0,0,1,0,1,1,10,1,1712
519,32,4,1,0,0,0,0,0,0,0,0,0,1,0,1,1,1,5,1,1,1,1,1,1,1,0,0,1,0,1,1,10,1,1716
429,25,4,1,0,0,0,0,0,0,0,0,0,1,0,1,1,1,5,1,1,1,1,1,1,1,0,0,1,0,1,1,10,1,1746
333,20,3,1,0,0,0,0,0,0,0,0,0,1,0,1,1,1,5,1,1,1,1,1,1,1,0,0,1,0,1,1,10,1,1756
1648,96,15,1,0,0,0,0,0,0,0,0,0,1,0,1,1,1,5,1,1,1,1,1,1,1,0,0,1,0,1,1,10,1,1761
709,41,6,1,0,0,0,0,0,0,0,0,0,1,0,1,1,1,5,1,1,1,1,1,1,1,0,0,1,0,1,1,10,1,1784
87,5,1,1,0,0,0,0,0,0,0,0,0,1,0,1,1,1,5,1,1,1,1,1,1,1,0,0,1,0,1,1,10,1,1777
495,29,11,1,0,0,0,0,0,0,0,0,0,1,0,1,1,1,5,1,1,1,1,1,1,1,0,0,1,0,1,1,10,1,1800
260,15,1,1,0,0,0,0,0,0,0,0,0,1,0,1,1,1,5,1,1,1,1,1,1,1,0,0,1,0,1,1,10,1,1738
701,38,4,1,0,0,0,0,0,0,0,0,0,1,0,1,1,1,5,1,1,1,1,1,1,1,0,0,1,0,1,1,10,1,1857
491,28,4,1,0,0,0,0,0,0,0,0,0,1,0,1,1,1,5,1,1,1,1,1,1,1,0,0,1,0,1,1,10,1,1811
461,26,4,1,0,0,0,0,0,0,0,0,0,1,0,1,1,1,5,1,1,1,1,1,1,1,0,0,1,0,1,1,10,1,1807
109,6,1,1,0,0,0,0,0,0,0,0,0,1,0,1,1,1,5,1,1,1,1,1,1,1,0,0,1,0,1,1,10,1,1850
53,3,1,1,0,0,0,0,0,0,0,0,0,1,0,1,1,1,5,1,1,1,1,1,1,1,0,0,1,0,1,1,10,1,1819
328,18,4,1,0,0,0,0,0,0,0,0,0,1,0,1,1,1,5,1,1,1,1,1,1,1,0,0,1,0,1,1,10,1,1835
351,20,1,1,0,0,0,0,0,0,0,0,0,1,0,1,1,1,5,1,1,1,1,1,1,1,0,0,1,0,1,1,10,1,1820
505,28,5,1,0,0,0,0,0,0,0,0,0,1,0,1,1,1,5,1,1,1,1,1,1,1,0,0,1,0,1,1,10,1,1858
268,15,3,1,0,0,0,0,0,0,0,0,0,1,0,1,1,1,5,1,1,1,1,1,1,1,0,0,1,0,1,1,10,1,1837
526,30,3,1,0,0,0,0,0,0,0,0,0,1,0,1,1,1,5,1,1,1,1,1,1,1,0,0,1,0,1,1,10,1,1861
73,4,2,1,0,0,0,0,0,0,0,0,0,1,0,1,1,1,5,1,1,1,1,1,1,1,0,0,1,0,1,1,10,1,1864
55,3,2,1,0,0,0,0,0,0,0,0,0,1,0,1,1,1,5,1,1,1,1,1,1,1,0,0,1,0,1,1,10,0,1874
240,13,4,1,0,0,0,0,0,0,0,0,0,1,0,1,1,1,5,1,1,1,1,1,1,1,0,0,1,0,1,1,10,0,1841
134,7,1,1,0,0,0,0,0,0,0,0,0,1,0,1,1,1,5,1,1,1,1,1,1,1,0,0,1,0,1,1,10,0,1881
112,6,1,1,0,0,0,0,0,0,0,0,0,1,0,1,1,1,5,1,1,1,1,1,1,1,0,0,1,0,1,1,10,0,1903
483,25,4,1,0,0,0,0,0,0,0,0,0,1,0,1,1,1,5,1,1,1,1,1,1,1,0,0,1,0,1,1,10,0,1900
515,27,3,1,0,0,0,0,0,0,0,0,0,1,0,1,1,1,5,1,1,1,1,1,1,1,0,0,1,0,1,1,10,0,1912
575,31,3,1,0,0,0,0,0,0,0,0,0,1,0,1,1,1,5,1,1,1,1,1,1,1,0,0,1,0,1,1,10,0,1926
633,34,3,1,0,0,0,0,0,0,0,0,0,1,0,1,1,1,5,1,1,1,1,1,1,1,0,0,1,0,1,1,10,0,1934
390,20,5,1,0,0,0,0,0,0,0,0,0,1,0,1,1,1,5,1,1,1,1,1,1,1,0,0,1,0,1,1,10,0,1973
140,7,2,1,0,0,0,0,0,0,0,0,0,1,0,1,1,1,5,1,1,1,1,1,1,1,0,0,1,0,1,1,10,0,2009
257,13,2,1,0,0,0,0,0,0,0,0,0,1,0,1,1,1,5,1,1,1,1,1,1,1,0,0,1,0,1,1,10,0,1960
651,32,3,1,0,0,0,0,0,0,0,0,0,1,0,1,1,1,5,1,1,1,1,1,1,1,0,0,1,0,1,1,10,0,1997
101,5,1,1,0,0,0,0,0,0,0,0,0,1,0,1,1,1,5,1,1,1,1,1,1,1,0,0,1,0,1,1,10,0,1963
118,6,1,1,0,0,0,0,0,0,0,0,0,1,0,1,1,1,5,1,1,1,1,1,1,1,0,0,1,0,1,1,10,0,2010
280,14,1,1,0,0,0,0,0,0,0,0,0,1,0,1,1,1,5,1,1,1,1,1,1,1,0,0,1,0,1,1,10,0,1956
504,25,4,1,0,0,0,0,0,0,0,0,0,1,0,1,1,1,5,1,1,1,1,1,1,1,0,0,1,0,1,1,10,0,1952
170,8,1,1,0,0,0,0,0,0,0,0,0,1,0,1,1,1,5,1,1,1,1,1,1,1,0,0,1,0,1,1,10,0,2025
630,30,4,1,0,0,0,0,0,0,0,0,0,1,0,1,1,1,5,1,1,1,1,1,1,1,0,0,1,0,1,1,10,0,2062
310,15,4,1,0,0,0,0,0,0,0,0,0,1,0,1,1,1,5,1,1,1,1,1,1,1,0,0,1,0,1,1,10,0,2070
752,36,4,1,0,0,0,0,0,0,0,0,0,1,0,1,1,1,5,1,1,1,1,1,1,1,0,0,1,0,1,1,10,0,2076
256,12,2,1,0,0,0,0,0,0,0,0,0,1,0,1,1,1,5,1,1,1,1,1,1,1,0,0,1,0,1,1,10,0,2017
291,14,1,1,0,0,0,0,0,0,0,0,0,1,0,1,1,1,5,1,1,1,1,1,1,1,0,0,1,0,1,1,10,0,2024
649,31,4,1,0,0,0,0,0,0,0,0,0,1,0,1,1,1,5,1,1,1,1,1,1,1,0,0,1,0,1,1,10,0,2043
63,3,1,1,0,0,0,0,0,0,0,0,0,1,0,1,1,1,5,1,1,1,1,1,1,1,0,0,1,0,1,1,10,0,2079
2802,133,6,1,0,0,0,0,0,0,0,0,0,1,0,1,1,1,5,1,1,1,1,1,1,1,0,0,1,0,1,1,10,0,2021
861,41,4,1,0,0,0,0,0,0,0,0,0,1,0,1,1,1,5,1,1,1,1,1,1,1,0,0,1,0,1,1,10,0,2045
1072,52,5,1,0,0,0,0,0,0,0,0,0,1,0,1,1,1,5,1,1,1,1,1,1,1,0,0,1,0,1,1,10,2,2074
340,16,2,1,0,0,0,0,0,0,0,0,0,1,0,1,1,1,5,1,1,1,1,1,1,1,0,0,1,0,1,1,10,1,2085
291,13,2,1,0,0,0,0,0,0,0,0,0,1,0,1,1,1,5,1,1,1,1,1,1,1,0,0,1,0,1,1,10,1,2106
421,19,3,1,0,0,0,0,0,0,0,0,0,1,0,1,1,1,5,1,1,1,1,1,1,1,0,0,1,0,1,1,10,1,2115
129,6,1,1,0,0,0,0,0,0,0,0,0,1,0,1,1,1,5,1,1,1,1,1,1,1,0,0,1,0,1,1,10,1,2092
200,9,1,1,0,0,0,0,0,0,0,0,0,1,0,1,1,1,5,1,1,1,1,1,1,1,0,0,1,0,1,1,10,1,2095
417,19,2,1,0,0,0,0,0,0,0,0,0,1,0,1,1,1,5,1,1,1,1,1,1,1,0,0,1,0,1,1,10,1,2136
1124,51,6,1,0,0,0,0,0,0,0,0,0,1,0,1,1,1,5,1,1,1,1,1,1,1,0,0,1,0,1,1,10,1,2137
219,10,2,1,0,0,0,0,0,0,0,0,0,1,0,1,1,1,5,1,1,1,1,1,1,1,0,0,1,0,1,1,10,1,2134
134,6,1,1,0,0,0,0,0,0,0,0,0,1,0,1,1,1,5,1,1,1,1,1,1,1,0,0,1,0,1,1,10,1,2113
258,11,1,1,0,0,0,0,0,0,0,0,0,1,0,1,1,1,5,1,1,1,1,1,1,1,0,0,1,0,1,1,10,1,2165
1292,55,15,1,0,0,0,0,0,0,0,0,0,1,0,1,1,1,5,1,1,1,1,1,1,1,0,0,1,0,1,1,10,1,2157
551,24,3,1,0,0,0,0,0,0,0,0,0,1,0,1,1,1,5,1,1,1,1,1,1,1,0,0,1,0,1,1,10,1,2163
90,4,2,1,0,0,0,0,0,0,0,0,0,1,0,1,1,1,5,1,1,1,1,1,1,1,0,0,1,0,1,1,10,1,2183
369,16,2,1,0,0,0,0,0,0,0,0,0,1,0,1,1,1,5,1,1,1,1,1,1,1,0,0,1,0,1,1,10,1,2208
318,14,1,1,0,0,0,0,0,0,0,0,0,1,0,1,1,1,5,1,1,1,1,1,1,1,0,0,1,0,1,1,10,1,2171
783,34,7,1,0,0,0,0,0,0,0,0,0,1,0,1,1,1,5,1,1,1,1,1,1,1,0,0,1,0,1,1,10,1,2174
137,6,2,1,0,0,0,0,0,0,0,0,0,1,0,1,1,1,5,1,1,1,1,1,1,1,0,0,1,0,1,1,10,1,2159
244,10,1,1,0,0,0,0,0,0,0,0,0,1,0,1,1,1,5,1,1,1,1,1,1,1,0,0,1,0,1,1,10,1,2222
317,13,1,1,0,0,0,0,0,0,0,0,0,1,0,1,1,1,5,1,1,1,1,1,1,1,0,0,1,0,1,1,10,1,2231
911,38,5,1,0,0,0,0,0,0,0,0,0,1,0,1,1,1,5,1,1,1,1,1,1,1,0,0,1,0,1,1,10,1,2263
1119,46,3,1,0,0,0,0,0,0,0,0,0,1,0,1,1,1,5,1,1,1,1,1,1,1,0,0,1,0,1,1,10,1,2258
732,31,5,1,0,0,0,0,0,0,0,0,0,1,0,1,1,1,5,1,1,1,1,1,1,1,0,0,1,0,1,1,10,1,2267
49,2,1,1,0,0,0,0,0,0,0,0,0,1,0,1,1,1,5,1,1,1,1,1,1,1,0,0,1,0,1,1,10,0,2295
348,14,1,1,0,0,0,0,0,0,0,0,0,1,0,1,1,1,5,1,1,1,1,1,1,1,0,0,1,0,1,1,10,1,2290
319,13,1,1,0,0,0,0,0,0,0,0,0,1,0,1,1,1,5,1,1,1,1,1,1,1,0,0,1,0,1,1,10,2,2280
380,15,4,1,0,0,0,0,0,0,0,0,0,1,0,1,1,1,5,1,1,1,1,1,1,1,0,0,1,0,1,1,10,1,2316
420,17,2,1,0,0,0,0,0,0,0,0,0,1,0,1,1,1,5,1,1,1,1,1,1,1,0,0,1,0,1,1,10,1,2317
200,8,1,1,0,0,0,0,0,0,0,0,0,1,0,1,1,1,5,1,1,1,1,1,1,1,0,0,1,0,1,1,10,1,2324
1004,38,4,1,0,0,0,0,0,0,0,0,0,1,0,1,1,1,5,1,1,1,1,1,1,1,0,0,1,0,1,1,10,1,2356
367,14,2,1,0,0,0,0,0,0,0,0,0,1,0,1,1,1,5,1,1,1,1,1,1,1,0,0,1,0,1,1,10,1,2350
979,37,4,1,0,0,0,0,0,0,0,0,0,1,0,1,1,1,5,1,1,1,1,1,1,1,0,0,1,0,1,1,10,1,2351
179,7,1,1,0,0,0,0,0,0,0,0,0,1,0,1,1,1,5,1,1,1,1,1,1,1,0,0,1,0,1,1,10,1,2334
729,27,4,1,0,0,0,0,0,0,0,0,0,1,0,1,1,1,5,1,1,1,1,1,1,1,0,0,1,0,1,1,10,1,2393
664,25,4,1,0,0,0,0,0,0,0,0,0,1,0,1,1,1,5,1,1,1,1,1,1,1,0,0,1,0,1,1,10,1,2412
563,21,7,1,0,0,0,0,0,0,0,0,0,1,0,1,1,1,5,1,1,1,1,1,1,1,0,0,1,0,1,1,10,1,2381
1108,41,2,1,0,0,0,0,0,0,0,0,0,1,0,1,1,1,5,1,1,1,1,1,1,1,0,0,1,0,1,1,10,1,2408
356,13,1,1,0,0,0,0,0,0,0,0,0,1,0,1,1,1,5,1,1,1,1,1,1,1,0,0,1,0,1,1,10,1,2410
802,30,3,1,0,0,0,0,0,0,0,0,0,1,0,1,1,1,5,1,1,1,1,1,1,1,0,0,1,0,1,1,10,1,2404
544,20,3,1,0,0,0,0,0,0,0,0,0,1,0,1,1,1,5,1,1,1,1,1,1,1,0,0,1,0,1,1,10,1,2414
137,5,1,1,0,0,0,0,0,0,0,0,0,1,0,1,1,1,5,1,1,1,1,1,1,1,0,0,1,0,1,1,10,1,2392
1265,46,6,1,0,0,0,0,0,0,0,0,0,1,0,1,1,1,5,1,1,1,1,1,1,1,0,0,1,0,1,1,10,2,2437
670,24,7,1,0,0,0,0,0,0,0,0,0,1,0,1,1,1,5,1,1,1,1,1,1,1,0,0,1,0,1,1,10,1,2454
1054,38,6,1,0,0,0,0,0,0,0,0,0,1,0,1,1,1,5,1,1,1,1,1,1,1,0,0,1,0,1,1,10,1,2438
334,12,1,1,0,0,0,0,0,0,0,0,0,1,0,1,1,1,5,1,1,1,1,1,1,1,0,0,1,0,1,1,10,1,2442
6322,219,8,1,0,0,0,0,0,0,0,0,0,1,0,1,1,1,5,1,1,1,1,1,1,1,0,0,1,0,1,1,10,2,2495
462,16,2,1,0,0,0,0,0,0,0,0,0,1,0,1,1,1,5,1,1,1,1,1,1,1,0,0,1,0,1,1,10,1,2500
1485,51,6,1,0,0,0,0,0,0,0,0,0,1,0,1,1,1,5,1,1,1,1,1,1,1,0,0,1,0,1,1,10,1,2505
344,12,3,1,0,0,0,0,0,0,0,0,0,1,0,1,1,1,5,1,1,1,1,1,1,1,0,0,1,0,1,1,10,1,2504
467,16,2,1,0,0,0,0,0,0,0,0,0,1,0,1,1,1,5,1,1,1,1,1,1,1,0,0,1,0,1,1,10,1,2480
175,6,1,1,0,0,0,0,0,0,0,0,0,1,0,1,1,1,5,1,1,1,1,1,1,1,0,0,1,0,1,1,10,1,2492
2347,78,13,1,0,0,0,0,0,0,0,0,0,1,0,1,1,1,5,1,1,1,1,1,1,1,0,0,1,0,1,1,10,1,2520
572,19,4,1,0,0,0,0,0,0,0,0,0,1,0,1,1,1,5,1,1,1,1,1,1,1,0,0,1,0,1,1,10,1,2536
2277,77,8,1,0,0,0,0,0,0,0,0,0,1,0,1,1,1,5,1,1,1,1,1,1,1,0,0,1,0,1,1,10,1,2541
3127,104,5,1,0,0,0,0,0,0,0,0,0,1,0,1,1,1,5,1,1,1,1,1,1,1,0,0,1,0,1,1,10,1,2523
182,6,3,1,0,0,0,0,0,0,0,0,0,1,0,1,1,1,5,1,1,1,1,1,1,1,0,0,1,0,1,1,10,1,2556
1531,51,5,1,0,0,0,0,0,0,0,0,0,1,0,1,1,1,5,1,1,1,1,1,1,1,0,0,1,0,1,1,10,1,2532
370,12,2,1,0,0,0,0,0,0,0,0,0,1,0,1,1,1,5,1,1,1,1,1,1,1,0,0,1,0,1,1,10,1,2589
619,20,2,1,0,0,0,0,0,0,0,0,0,1,0,1,1,1,5,1,1,1,1,1,1,1,0,0,1,0,1,1,10,1,2569
1037,33,5,1,0,0,0,0,0,0,0,0,0,1,0,1,1,1,5,1,1,1,1,1,1,1,0,0,1,0,1,1,10,1,2597
612,20,3,1,0,0,0,0,0,0,0,0,0,1,0,1,1,1,5,1,1,1,1,1,1,1,0,0,1,0,1,1,10,1,2580
1006,32,2,1,0,0,0,0,0,0,0,0,0,1,0,1,1,1,5,1,1,1,1,1,1,1,0,0,1,0,1,1,10,1,2566
156,5,2,1,0,0,0,0,0,0,0,0,0,1,0,1,1,1,5,1,1,1,1,1,1,1,0,0,1,0,1,1,10,1,2594
93,3,2,1,0,0,0,0,0,0,0,0,0,1,0,1,1,1,5,1,1,1,1,1,1,1,0,0,1,0,1,1,10,0,2600
124,4,1,1,0,0,0,0,0,0,0,0,0,1,0,1,1,1,5,1,1,1,1,1,1,1,0,0,1,0,1,1,10,0,2586
639,20,2,1,0,0,0,0,0,0,0,0,0,1,0,1,1,1,5,1,1,1,1,1,1,1,0,0,1,0,1,1,10,0,2603
96,3,1,1,0,0,0,0,0,0,0,0,0,1,0,1,1,1,5,1,1,1,1,1,1,1,0,0,1,0,1,1,10,0,2614
877,22,3,1,0,0,0,0,0,0,0,0,0,1,0,1,1,1,5,1,1,1,1,1,1,1,0,0,1,0,1,1,10,0,2624
504,16,4,1,0,0,0,0,0,0,0,0,0,1,0,1,1,1,5,1,1,1,1,1,1,1,0,0,1,0,1,1,10,0,2627
415,13,2,1,0,0,0,0,0,0,0,0,0,1,0,1,1,1,5,1,1,1,1,1,1,1,0,0,1,0,1,1,10,0,2618
411,13,2,1,0,0,0,0,0,0,0,0,0,1,0,1,1,1,5,1,1,1,1,1,1,1,0,0,1,0,1,1,10,0,2605
252,8,2,1,0,0,0,0,0,0,0,0,0,1,0,1,1,1,5,1,1,1,1,1,1,1,0,0,1,0,1,1,10,0,2634
158,5,3,1,0,0,0,0,0,0,0,0,0,1,0,1,1,1,5,1,1,1,1,1,1,1,0,0,1,0,1,1,10,0,2621
96,3,2,1,0,0,0,0,0,0,0,0,0,1,0,1,1,1,5,1,1,1,1,1,1,1,0,0,1,0,1,1,10,0,2635
2351,72,4,1,0,0,0,0,0,0,0,0,0,1,0,1,1,1,5,1,1,1,1,1,1,1,0,0,1,0,1,1,10,0,2648
491,15,3,1,0,0,0,0,0,0,0,0,0,1,0,1,1,1,5,1,1,1,1,1,1,1,0,0,1,0,1,1,10,0,2666
1961,57,5,1,0,0,0,0,0,0,0,0,0,1,0,1,1,1,5,1,1,1,1,1,1,1,0,0,1,0,1,1,10,0,2682
843,25,4,1,0,0,0,0,0,0,0,0,0,1,0,1,1,1,5,1,1,1,1,1,1,1,0,0,1,0,1,1,10,0,2710
7051,205,7,1,0,0,0,0,0,0,0,0,0,1,0,1,1,1,5,1,1,1,1,1,1,1,0,0,1,0,1,1,10,0,2683
791,23,4,1,0,0,0,0,0,0,0,0,0,1,0,1,1,1,5,1,1,1,1,1,1,1,0,0,1,0,1,1,10,0,2712
1155,34,7,1,0,0,0,0,0,0,0,0,0,1,0,1,1,1,5,1,1,1,1,1,1,1,0,0,1,0,1,1,10,0,2697
1149,34,2,1,0,0,0,0,0,0,0,0,0,1,0,1,1,1,5,1,1,1,1,1,1,1,0,0,1,0,1,1,10,0,2714
2157,63,11,1,0,0,0,0,0,0,0,0,0,1,0,1,1,1,5,1,1,1,1,1,1,1,0,0,1,0,1,1,10,0,2693
6891,101,24,1,0,0,0,0,0,0,0,0,0,1,0,1,1,1,5,1,1,1,1,1,1,1,0,0,1,0,1,1,10,0,2717
867,25,4,1,0,0,0,0,0,0,0,0,0,1,0,1,1,1,5,1,1,1,1,1,1,1,0,0,1,0,1,1,10,0,2729
350,10,2,1,0,0,0,0,0,0,0,0,0,1,0,1,1,1,5,1,1,1,1,1,1,1,0,0,1,0,1,1,10,1,2731
841,24,11,1,0,0,0,0,0,0,0,0,0,1,0,1,1,1,5,1,1,1,1,1,1,1,0,0,1,0,1,1,10,0,2730
1092,30,7,1,0,0,0,0,0,0,0,0,0,1,0,1,1,1,5,1,1,1,1,1,1,1,0,0,1,0,1,1,10,0,2772
613,17,3,1,0,0,0,0,0,0,0,0,0,1,0,1,1,1,5,1,1,1,1,1,1,1,0,0,1,0,1,1,10,0,2775
1111,31,3,1,0,0,0,0,0,0,0,0,0,1,0,1,1,1,5,1,1,1,1,1,1,1,0,0,1,0,1,1,10,0,2763
834,23,2,1,0,0,0,0,0,0,0,0,0,1,0,1,1,1,5,1,1,1,1,1,1,1,0,0,1,0,1,1,10,0,2760
216,6,2,1,0,0,0,0,0,0,0,0,0,1,0,1,1,1,5,1,1,1,1,1,1,1,0,0,1,0,1,1,10,1,2753
645,18,2,1,0,0,0,0,0,0,0,0,0,1,0,1,1,1,5,1,1,1,1,1,1,1,0,0,1,0,1,1,10,0,2757
1675,45,4,1,0,0,0,0,0,0,0,0,0,1,0,1,1,1,5,1,1,1,1,1,1,1,0,0,1,0,1,1,10,0,2784
1774,48,3,1,0,0,0,0,0,0,0,0,0,1,0,1,1,1,5,1,1,1,1,1,1,1,0,0,1,0,1,1,10,0,2790
882,23,3,1,0,0,0,0,0,0,0,0,0,1,0,1,1,1,5,1,1,1,1,1,1,1,0,0,1,0,1,1,10,0,2815
113,3,1,1,0,0,0,0,0,0,0,0,0,1,0,1,1,1,5,1,1,1,1,1,1,1,0,0,1,0,1,1,10,0,2817
976,26,4,1,0,0,0,0,0,0,0,0,0,1,0,1,1,1,5,1,1,1,1,1,1,1,0,0,1,0,1,1,10,0,2814
419,11,2,1,0,0,0,0,0,0,0,0,0,1,0,1,1,1,5,1,1,1,1,1,1,1,0,0,1,0,1,1,10,0,2832
340,9,3,1,0,0,0,0,0,0,0,0,0,1,0,1,1,1,5,1,1,1,1,1,1,1,0,0,1,0,1,1,10,0,2824
381,10,2,1,0,0,0,0,0,0,0,0,0,1,0,1,1,1,5,1,1,1,1,1,1,1,0,0,1,0,1,1,10,2,2812
234,6,3,1,0,0,0,0,0,0,0,0,0,1,0,1,1,1,5,1,1,1,1,1,1,1,0,0,1,0,1,1,10,0,2868
386,10,2,1,0,0,0,0,0,0,0,0,0,1,0,1,1,1,5,1,1,1,1,1,1,1,0,0,1,0,1,1,10,1,2847
761,19,2,1,0,0,0,0,0,0,0,0,0,1,0,1,1,1,5,1,1,1,1,1,1,1,0,0,1,0,1,1,10,0,2880
6345,158,2,1,0,0,0,0,0,0,0,0,0,1,0,1,1,1,5,1,1,1,1,1,1,1,0,0,1,0,1,1,10,0,2872
834,21,2,1,0,0,0,0,0,0,0,0,0,1,0,1,1,1,5,1,1,1,1,1,1,1,0,0,1,0,1,1,10,0,2875
650,16,2,1,0,0,0,0,0,0,0,0,0,1,0,1,1,1,5,1,1,1,1,1,1,1,0,0,1,0,1,1,10,0,2909
288,7,1,1,0,0,0,0,0,0,0,0,0,1,0,1,1,1,5,1,1,1,1,1,1,1,0,0,1,0,1,1,10,0,2918
487,12,3,1,0,0,0,0,0,0,0,0,0,1,0,1,1,1,5,1,1,1,1,1,1,1,0,0,1,0,1,1,10,0,2907
696,17,1,1,0,0,0,0,0,0,0,0,0,1,0,1,1,1,5,1,1,1,1,1,1,1,0,0,1,0,1,1,10,0,2908
876,24,3,1,0,0,0,0,0,0,0,0,0,1,0,1,1,1,5,1,1,1,1,1,1,1,0,0,1,0,1,1,10,0,2916
1478,35,3,1,0,0,0,0,0,0,0,0,0,1,0,1,1,1,5,1,1,1,1,1,1,1,0,0,1,0,1,1,10,0,2928
168,4,1,1,0,0,0,0,0,0,0,0,0,1,0,1,1,1,5,1,1,1,1,1,1,1,0,0,1,0,1,1,10,0,2925
502,12,1,1,0,0,0,0,0,0,0,0,0,1,0,1,1,1,5,1,1,1,1,1,1,1,0,0,1,0,1,1,10,0,2933
749,18,3,1,0,0,0,0,0,0,0,0,0,1,0,1,1,1,5,1,1,1,1,1,1,1,0,0,1,0,1,1,10,0,2934
521,12,2,1,0,0,0,0,0,0,0,0,0,1,0,1,1,1,5,1,1,1,1,1,1,1,0,0,1,0,1,1,10,0,2952
400,9,1,1,0,0,0,0,0,0,0,0,0,1,0,1,1,1,5,1,1,1,1,1,1,1,0,0,1,0,1,1,10,0,2974
396,9,2,1,0,0,0,0,0,0,0,0,0,1,0,1,1,1,5,1,1,1,1,1,1,1,0,0,1,0,1,1,10,0,2983
1292,29,3,1,0,0,0,0,0,0,0,0,0,1,0,1,1,1,5,1,1,1,1,1,1,1,0,0,1,0,1,1,10,0,2992
2609,58,5,1,0,0,0,0,0,0,0,0,0,1,0,1,1,1,5,1,1,1,1,1,1,1,0,0,1,0,1,1,10,0,2989
1501,33,5,1,0,0,0,0,0,0,0,0,0,1,0,1,1,1,5,1,1,1,1,1,1,1,0,0,1,0,1,1,10,0,2996
358,8,2,1,0,0,0,0,0,0,0,0,0,1,0,1,1,1,5,1,1,1,1,1,1,1,0,0,1,0,1,1,10,0,2997
853,19,3,1,0,0,0,0,0,0,0,0,0,1,0,1,1,1,5,1,1,1,1,1,1,1,0,0,1,0,1,1,10,0,2990
950,21,2,1,0,0,0,0,0,0,0,0,0,1,0,1,1,1,5,1,1,1,1,1,1,1,0,0,1,0,1,1,10,0,3000
1934,42,6,1,0,0,0,0,0,0,0,0,0,1,0,1,1,1,5,1,1,1,1,1,1,1,0,0,1,0,1,1,10,0,3010
236,5,1,1,0,0,0,0,0,0,0,0,0,1,0,1,1,1,5,1,1,1,1,1,1,1,0,0,1,0,1,1,10,0,3036
235,5,1,1,0,0,0,0,0,0,0,0,0,1,0,1,1,1,5,1,1,1,1,1,1,1,0,0,1,0,1,1,10,0,3024
669,14,4,1,0,0,0,0,0,0,0,0,0,1,0,1,1,1,5,1,1,1,1,1,1,1,0,0,1,0,1,1,10,0,3044
689,6,1,1,0,0,0,0,0,0,0,0,0,1,0,1,1,1,5,1,1,1,1,1,1,1,0,0,1,0,1,1,10,0,3051
1318,27,1,1,0,0,0,0,0,0,0,0,0,1,0,1,1,1,5,1,1,1,1,1,1,1,0,0,1,0,1,1,10,0,3058
535,11,3,1,0,0,0,0,0,0,0,0,0,1,0,1,1,1,5,1,1,1,1,1,1,1,0,0,1,0,1,1,10,0,3071
740,15,4,1,0,0,0,0,0,0,0,0,0,1,0,1,1,1,5,1,1,1,1,1,1,1,0,0,1,0,1,1,10,0,3060
831,17,3,1,0,0,0,0,0,0,0,0,0,1,0,1,1,1,5,1,1,1,1,1,1,1,0,0,1,0,1,1,10,0,3067
347,7,7,1,0,0,0,0,0,0,0,0,0,1,0,1,1,1,5,1,1,1,1,1,1,1,0,0,1,0,1,1,10,0,3074
3385,68,2,1,0,0,0,0,0,0,0,0,0,1,0,1,1,1,5,1,1,1,1,1,1,1,0,0,1,0,1,1,10,0,3082
1311,26,2,1,0,0,0,0,0,0,0,0,0,1,0,1,1,1,5,1,1,1,1,1,1,1,0,0,1,0,1,1,10,0,3075
547,11,2,1,0,0,0,0,0,0,0,0,0,1,0,1,1,1,5,1,1,1,1,1,1,1,0,0,1,0,1,1,10,0,3086
1397,27,5,1,0,0,0,0,0,0,0,0,0,1,0,1,1,1,5,1,1,1,1,1,1,1,0,0,1,0,1,1,10,0,3102
1839,35,2,1,0,0,0,0,0,0,0,0,0,1,0,1,1,1,5,1,1,1,1,1,1,1,0,0,1,0,1,1,10,0,3121
2216,42,6,1,0,0,0,0,0,0,0,0,0,1,0,1,1,1,5,1,1,1,1,1,1,1,0,0,1,0,1,1,10,0,3117
663,12,2,1,0,0,0,0,0,0,0,0,0,1,0,1,1,1,5,1,1,1,1,1,1,1,0,0,1,0,1,1,10,0,3149
55,1,1,1,0,0,0,0,0,0,0,0,0,1,0,1,1,1,5,1,1,1,1,1,1,1,0,0,1,0,1,1,10,0,3137
1509,27,4,1,0,0,0,0,0,0,0,0,0,1,0,1,1,1,5,1,1,1,1,1,1,1,0,0,1,0,1,1,10,0,3159
4918,86,6,1,0,0,0,0,0,0,0,0,0,1,0,1,1,1,5,1,1,1,1,1,1,1,0,0,1,0,1,1,10,0,3164
633,11,3,1,0,0,0,0,0,0,0,0,0,1,0,1,1,1,5,1,1,1,1,1,1,1,0,0,1,0,1,1,10,0,3182
2197,37,3,1,0,0,0,0,0,0,0,0,0,1,0,1,1,1,5,1,1,1,1,1,1,1,0,0,1,0,1,1,10,0,3185
1137,19,4,1,0,0,0,0,0,0,0,0,0,1,0,1,1,1,5,1,1,1,1,1,1,1,0,0,1,0,1,1,10,0,3198
1075,18,2,1,0,0,0,0,0,0,0,0,0,1,0,1,1,1,5,1,1,1,1,1,1,1,0,0,1,0,1,1,10,0,3196
1125,18,3,1,0,0,0,0,0,0,0,0,0,1,0,1,1,1,5,1,1,1,1,1,1,1,0,0,1,0,1,1,10,0,3229
505,8,1,1,0,0,0,0,0,0,0,0,0,1,0,1,1,1,5,1,1,1,1,1,1,1,0,0,1,0,1,1,10,0,3227
704,11,3,1,0,0,0,0,0,0,0,0,0,1,0,1,1,1,5,1,1,1,1,1,1,1,0,0,1,0,1,1,10,0,3239
382,6,7,1,0,0,0,0,0,0,0,0,0,1,0,1,1,1,5,1,1,1,1,1,1,1,0,0,1,0,1,1,10,0,3237
1801,28,4,1,0,0,0,0,0,0,0,0,0,1,0,1,1,1,5,1,1,1,1,1,1,1,0,0,1,0,1,1,10,0,3241
915,14,2,1,0,0,0,0,0,0,0,0,0,1,0,1,1,1,5,1,1,1,1,1,1,1,0,0,1,0,1,1,10,0,3246
1181,18,2,1,0,0,0,0,0,0,0,0,0,1,0,1,1,1,5,1,1,1,1,1,1,1,0,0,1,0,1,1,10,0,3257
1522,23,2,1,0,0,0,0,0,0,0,0,0,1,0,1,1,1,5,1,1,1,1,1,1,1,0,0,1,0,1,1,10,0,3260
740,11,2,1,0,0,0,0,0,0,0,0,0,1,0,1,1,1,5,1,1,1,1,1,1,1,0,0,1,0,1,1,10,0,3268
1954,29,2,1,0,0,0,0,0,0,0,0,0,1,0,1,1,1,5,1,1,1,1,1,1,1,0,0,1,0,1,1,10,0,3267
2534,38,3,1,0,0,0,0,0,0,0,0,0,1,0,1,1,1,5,1,1,1,1,1,1,1,0,0,1,0,1,1,10,0,3269
1084,16,3,1,0,0,0,0,0,0,0,0,0,1,0,1,1,1,5,1,1,1,1,1,1,1,0,0,1,0,1,1,10,0,3274
813,12,7,1,0,0,0,0,0,0,0,0,0,1,0,1,1,1,5,1,1,1,1,1,1,1,0,0,1,0,1,1,10,0,3271
912,13,2,1,0,0,0,0,0,0,0,0,0,1,0,1,1,1,5,1,1,1,1,1,1,1,0,0,1,0,1,1,10,0,3287
70,1,1,1,0,0,0,0,0,0,0,0,0,1,0,1,1,1,5,1,1,1,1,1,1,1,0,0,1,0,1,1,10,0,3286
213,3,3,1,0,0,0,0,0,0,0,0,0,1,0,1,1,1,5,1,1,1,1,1,1,1,0,0,1,0,1,1,10,0,3293
503,7,2,1,0,0,0,0,0,0,0,0,0,1,0,1,1,1,5,1,1,1,1,1,1,1,0,0,1,0,1,1,10,0,3301
3194,44,4,1,0,0,0,0,0,0,0,0,0,1,0,1,1,1,5,1,1,1,1,1,1,1,0,0,1,0,1,1,10,0,3308
3487,46,3,1,0,0,0,0,0,0,0,0,0,1,0,1,1,1,5,1,1,1,1,1,1,1,0,0,1,0,1,1,10,0,3320
949,12,1,1,0,0,0,0,0,0,0,0,0,1,0,1,1,1,5,1,1,1,1,1,1,1,0,0,1,0,1,1,10,0,3329
894,11,3,1,0,0,0,0,0,0,0,0,0,1,0,1,1,1,5,1,1,1,1,1,1,1,0,0,1,0,1,1,10,0,3347
1973,24,3,1,0,0,0,0,0,0,0,0,0,1,0,1,1,1,5,1,1,1,1,1,1,1,0,0,1,0,1,1,10,0,3351
747,9,2,1,0,0,0,0,0,0,0,0,0,1,0,1,1,1,5,1,1,1,1,1,1,1,0,0,1,0,1,1,10,0,3360
85,1,1,1,0,0,0,0,0,0,0,0,0,1,0,1,1,1,5,1,1,1,1,1,1,1,0,0,1,0,1,1,10,0,3365
2995,35,6,1,0,0,0,0,0,0,0,0,0,1,0,1,1,1,5,1,1,1,1,1,1,1,0,0,1,0,1,1,10,0,3368
924,10,3,1,0,0,0,0,0,0,0,0,0,1,0,1,1,1,5,1,1,1,1,1,1,1,0,0,1,0,1,1,10,0,3387
3018,32,2,1,0,0,0,0,0,0,0,0,0,1,0,1,1,1,5,1,1,1,1,1,1,1,0,0,1,0,1,1,10,0,3394
98,1,1,1,0,0,0,0,0,0,0,0,0,1,0,1,1,1,5,1,1,1,1,1,1,1,0,0,1,0,1,1,10,0,3402
6811,67,3,1,0,0,0,0,0,0,0,0,0,1,0,1,1,1,5,1,1,1,1,1,1,1,0,0,1,0,1,1,10,0,3413
838,8,3,1,0,0,0,0,0,0,0,0,0,1,0,1,1,1,5,1,1,1,1,1,1,1,0,0,1,0,1,1,10,0,3415
957,9,2,1,0,0,0,0,0,0,0,0,0,1,0,1,1,1,5,1,1,1,1,1,1,1,0,0,1,0,1,1,10,0,3419
114,1,1,1,0,0,0,0,0,0,0,0,0,1,0,1,1,1,5,1,1,1,1,1,1,1,0,0,1,0,1,1,10,0,3437
362,3,2,1,0,0,0,0,0,0,0,0,0,1,0,1,1,1,5,1,1,1,1,1,1,1,0,0,1,0,1,1,10,0,3448
248,2,2,1,0,0,0,0,0,0,0,0,0,1,0,1,1,1,5,1,1,1,1,1,1,1,0,0,1,0,1,1,10,0,3454
3582,24,3,1,0,0,0,0,0,0,0,0,0,1,0,1,1,1,5,1,1,1,1,1,1,1,0,0,1,0,1,1,10,0,3470
802,5,3,1,0,0,0,0,0,0,0,0,0,1,0,1,1,1,5,1,1,1,1,1,1,1,0,0,1,0,1,1,10,0,3480
1723,10,4,1,0,0,0,0,0,0,0,0,0,1,0,1,1,1,5,1,1,1,1,1,1,1,0,0,1,0,1,1,10,0,3484
352,2,1,1,0,0,0,0,0,0,0,0,0,1,0,1,1,1,5,1,1,1,1,1,1,1,0,0,1,0,1,1,10,0,3486
930,3,2,1,0,0,0,0,0,0,0,0,0,1,0,1,1,1,5,1,1,1,1,1,1,1,0,0,1,0,1,1,10,0,3518
319,1,10,1,0,0,0,0,0,0,0,0,0,1,0,1,1,1,5,1,1,1,1,1,1,1,0,0,1,0,1,1,10,0,3520
25016,532,64,1,0,1,0,1,1,1,1,1,1,1,0,1,1,1,12,1,1,1,1,1,1,1,1,1,1,1,1,1,13,3,40
9128,331,47,1,0,1,0,1,0,1,1,0,1,1,1,1,1,1,11,1,1,1,1,1,1,1,1,1,1,1,1,1,13,2,46
11516,299,21,1,0,1,0,1,0,1,1,1,0,1,1,1,1,1,11,1,1,1,1,1,1,1,1,1,1,1,1,1,13,3,59
3162,405,69,1,1,1,0,1,0,1,1,1,0,1,1,1,1,1,12,1,1,1,1,1,1,1,0,1,1,0,1,1,11,2,58
12642,359,39,1,1,1,0,1,0,1,1,1,0,1,0,1,1,1,11,1,1,1,1,1,1,1,1,1,1,1,1,1,13,2,65
6884,175,17,1,0,1,0,1,0,0,1,0,0,1,1,1,1,1,9,1,1,1,1,1,1,1,1,1,1,1,1,1,13,2,76
7775,189,23,1,0,0,0,0,0,0,0,0,0,1,0,1,1,1,5,1,1,1,1,1,1,1,0,0,1,0,1,1,10,3,87
2455,175,26,1,0,0,0,0,0,0,0,0,0,1,0,1,1,1,5,1,1,1,1,1,1,1,0,0,1,0,1,1,10,0,91
412,156,18,1,0,0,0,0,0,0,0,0,0,1,0,1,1,1,5,1,1,1,1,1,1,1,0,0,1,0,1,1,10,0,98
4908,123,14,1,0,0,0,0,0,0,0,0,0,1,0,1,1,1,5,1,1,1,1,1,1,1,0,0,1,0,1,1,10,2,121
1858,122,14,1,0,0,0,0,0,0,0,0,0,1,0,1,1,1,5,1,1,1,1,1,1,1,0,0,1,0,1,1,10,0,126
2037,258,15,1,0,0,0,0,0,0,1,0,0,1,0,1,1,1,6,1,1,1,1,1,1,1,0,0,1,0,1,1,10,2,133
5684,175,34,1,0,1,0,1,0,0,1,0,0,1,0,1,1,1,8,1,1,1,1,1,1,1,0,1,1,1,1,1,12,2,138
4811,139,17,1,0,0,0,0,0,0,0,0,0,1,0,1,1,1,5,1,1,1,1,1,1,1,0,0,1,0,1,1,10,2,168
1219,59,9,1,0,1,1,1,0,1,1,1,1,1,1,1,1,1,13,1,1,1,1,1,1,1,1,1,1,1,1,1,13,2,177
608,255,19,1,0,0,0,0,0,0,1,1,0,1,0,1,1,1,7,1,1,1,1,1,1,1,0,0,1,0,1,1,10,0,193
6477,136,14,1,0,0,0,0,0,0,1,1,0,1,0,1,1,1,7,1,1,1,1,1,1,1,0,1,1,1,1,1,12,2,206
1125,173,26,1,1,1,0,0,0,0,1,0,0,1,1,1,1,1,9,1,1,1,1,1,1,1,1,1,1,0,1,1,12,2,230
3494,106,16,1,1,1,0,1,0,0,1,0,0,1,1,1,1,1,10,1,1,1,1,1,1,1,1,1,1,1,1,1,13,2,233
172,27,4,1,0,1,0,0,0,0,1,1,0,1,0,1,1,1,8,1,1,1,1,1,1,1,0,0,1,1,1,1,11,0,237
9733,369,25,1,0,1,0,0,0,1,1,1,1,1,1,1,1,1,11,1,1,1,1,1,1,1,1,1,1,1,1,1,13,2,239
4665,148,10,1,0,1,0,0,0,0,1,0,0,1,0,1,1,1,7,1,1,1,1,1,1,1,1,1,1,1,1,1,13,0,250
1217,54,8,1,0,0,0,0,0,0,0,0,0,1,0,1,1,1,5,1,1,1,1,1,1,1,0,0,1,0,1,1,10,0,286
2792,47,5,1,0,1,0,0,0,0,0,0,0,1,0,1,1,1,6,1,1,1,1,1,1,1,1,1,1,1,1,1,13,0,288
2587,66,4,1,0,0,0,0,0,0,0,1,0,1,0,1,1,1,6,1,1,1,1,1,1,1,0,1,1,0,1,1,11,0,297
5096,103,24,1,0,0,0,0,0,0,0,0,0,1,0,1,1,1,5,1,1,1,1,1,1,1,0,0,1,0,1,1,10,2,328
353,125,12,1,0,0,0,0,0,0,0,0,0,1,0,1,1,1,5,1,1,1,1,1,1,1,0,0,1,0,1,1,10,2,339
2626,151,18,1,0,0,0,0,0,0,0,0,0,1,0,1,1,1,5,1,1,1,1,1,1,1,0,0,1,0,1,1,10,2,352
595,53,11,1,0,1,0,0,0,0,1,0,0,1,0,1,1,1,7,1,1,1,1,1,1,1,0,1,1,0,1,1,11,0,360
4964,178,19,1,0,0,0,0,0,0,0,0,0,1,0,1,1,1,5,1,1,1,1,1,1,1,0,0,1,0,1,1,10,0,380
6668,85,20,1,0,0,0,0,0,0,0,0,0,1,0,1,1,1,5,1,1,1,1,1,1,1,0,0,1,0,1,1,10,2,395
717,51,6,1,0,0,0,0,0,0,0,0,0,1,0,1,1,1,5,1,1,1,1,1,1,1,0,0,1,0,1,1,10,0,423
856,66,16,1,0,1,0,0,0,0,0,0,0,1,0,1,1,1,6,1,1,1,1,1,1,1,1,1,1,1,1,1,13,0,424
2503,69,10,1,0,0,0,0,0,0,0,0,0,1,0,1,1,1,5,1,1,1,1,1,1,1,0,0,1,0,1,1,10,0,436
664,49,8,1,0,0,0,0,0,0,0,0,0,1,0,1,1,1,5,1,1,1,1,1,1,1,0,0,1,0,1,1,10,0,442
66,11,2,1,0,0,0,0,0,0,0,0,0,1,0,1,1,1,5,1,1,1,1,1,1,1,0,0,1,0,1,1,10,0,576
281,11,1,1,0,0,0,0,0,0,0,0,0,1,0,1,1,1,5,1,1,1,1,1,1,1,0,0,1,0,1,1,10,0,529
219,11,3,1,0,0,0,0,0,0,0,0,0,1,0,1,1,1,5,1,1,1,1,1,1,1,0,0,1,0,1,1,10,0,538
291,18,1,1,0,0,0,0,0,0,0,0,0,1,0,1,1,1,5,1,1,1,1,1,1,1,0,0,1,0,1,1,10,0,529
66,20,3,1,0,0,0,0,0,0,0,0,0,1,0,1,1,1,5,1,1,1,1,1,1,1,0,0,1,0,1,1,10,0,605
118,37,5,1,0,0,0,0,0,0,0,0,0,1,0,1,1,1,5,1,1,1,1,1,1,1,0,0,1,0,1,1,10,0,633
190,7,1,1,0,0,0,0,0,0,0,0,0,1,0,1,1,1,5,1,1,1,1,1,1,1,0,0,1,0,1,1,10,0,650
491,14,2,1,0,0,0,0,0,0,0,0,0,1,0,1,1,1,5,1,1,1,1,1,1,1,0,0,1,0,1,1,10,0,694
515,13,1,1,0,0,0,0,0,0,0,0,0,1,0,1,1,1,5,1,1,1,1,1,1,1,0,0,1,0,1,1,10,0,724
740,17,1,1,0,0,0,0,0,0,0,0,0,1,0,1,1,1,5,1,1,1,1,1,1,1,0,0,1,0,1,1,10,0,726
742,21,3,1,0,0,0,0,0,0,0,0,0,1,0,1,1,1,5,1,1,1,1,1,1,1,0,0,1,0,1,1,10,0,677
176,4,1,1,0,0,0,0,0,0,0,0,0,1,0,1,1,1,5,1,1,1,1,1,1,1,0,0,1,0,1,1,10,0,683
289,29,3,1,0,0,0,0,0,0,0,0,0,1,0,1,1,1,5,1,1,1,1,1,1,1,0,0,1,0,1,1,10,0,678
148,40,6,1,0,0,0,0,0,0,0,0,0,1,0,1,1,1,5,1,1,1,1,1,1,1,0,0,1,0,1,1,10,0,702
98,9,3,1,0,0,0,0,0,0,0,0,0,1,0,1,1,1,5,1,1,1,1,1,1,1,0,0,1,0,1,1,10,0,779
365,6,1,1,0,0,0,0,0,0,0,0,0,1,0,1,1,1,5,1,1,1,1,1,1,1,0,0,1,0,1,1,10,0,843
87,14,2,1,0,0,0,0,0,0,0,0,0,1,0,1,1,1,5,1,1,1,1,1,1,1,0,0,1,0,1,1,10,0,826
108,17,2,1,0,0,0,0,0,0,0,0,0,1,0,1,1,1,5,1,1,1,1,1,1,1,0,0,1,0,1,1,10,0,850
242,30,4,1,0,0,0,0,0,0,0,0,0,1,0,1,1,1,5,1,1,1,1,1,1,1,0,0,1,0,1,1,10,0,837
61,11,2,1,0,0,0,0,0,0,0,0,0,1,0,1,1,1,5,1,1,1,1,1,1,1,0,0,1,0,1,1,10,0,851
94,15,1,1,0,0,0,0,0,0,0,0,0,1,0,1,1,1,5,1,1,1,1,1,1,1,0,0,1,0,1,1,10,0,868
58,10,1,1,0,0,0,0,0,0,0,0,0,1,0,1,1,1,5,1,1,1,1,1,1,1,0,0,1,0,1,1,10,0,831
100,14,2,1,0,0,0,0,0,0,0,0,0,1,0,1,1,1,5,1,1,1,1,1,1,1,0,0,1,0,1,1,10,0,940
124,17,3,1,0,0,0,0,0,0,0,0,0,1,0,1,1,1,5,1,1,1,1,1,1,1,0,0,1,0,1,1,10,0,891
112,16,1,1,0,0,0,0,0,0,0,0,0,1,0,1,1,1,5,1,1,1,1,1,1,1,0,0,1,0,1,1,10,0,881
192,12,1,1,0,0,0,0,0,0,0,0,0,1,0,1,1,1,5,1,1,1,1,1,1,1,0,0,1,0,1,1,10,0,876
472,7,2,1,0,0,0,0,0,0,0,0,0,1,0,1,1,1,5,1,1,1,1,1,1,1,0,0,1,0,1,1,10,0,931
411,6,2,1,0,0,0,0,0,0,0,0,0,1,0,1,1,1,5,1,1,1,1,1,1,1,0,0,1,0,1,1,10,0,888
101,12,1,1,0,0,0,0,0,0,0,0,0,1,0,1,1,1,5,1,1,1,1,1,1,1,0,0,1,0,1,1,10,0,1030
71,9,1,1,0,0,0,0,0,0,0,0,0,1,0,1,1,1,5,1,1,1,1,1,1,1,0,0,1,0,1,1,10,0,1017
56,7,2,1,0,0,0,0,0,0,0,0,0,1,0,1,1,1,5,1,1,1,1,1,1,1,0,0,1,0,1,1,10,0,996
91,11,1,1,0,0,0,0,0,0,0,0,0,1,0,1,1,1,5,1,1,1,1,1,1,1,0,0,1,0,1,1,10,0,1040
94,11,2,1,0,0,0,0,0,0,0,0,0,1,0,1,1,1,5,1,1,1,1,1,1,1,0,0,1,0,1,1,10,1,1093
46,5,1,1,0,0,0,0,0,0,0,0,0,1,0,1,1,1,5,1,1,1,1,1,1,1,0,0,1,0,1,1,10,0,1115
46,5,1,1,0,0,0,0,0,0,0,0,0,1,0,1,1,1,5,1,1,1,1,1,1,1,0,0,1,0,1,1,10,0,1055
54,6,1,1,0,0,0,0,0,0,0,0,0,1,0,1,1,1,5,1,1,1,1,1,1,1,0,0,1,0,1,1,10,0,1086
146,17,3,1,0,0,0,0,0,0,0,0,0,1,0,1,1,1,5,1,1,1,1,1,1,1,0,0,1,0,1,1,10,0,1097
360,41,10,1,0,0,0,0,0,0,0,0,0,1,0,1,1,1,5,1,1,1,1,1,1,1,0,0,1,0,1,1,10,0,1069
282,33,2,1,0,0,0,0,0,0,0,0,0,1,0,1,1,1,5,1,1,1,1,1,1,1,0,0,1,0,1,1,10,1,1074
200,22,1,1,0,0,0,0,0,0,0,0,0,1,0,1,1,1,5,1,1,1,1,1,1,1,0,0,1,0,1,1,10,0,1050
88,10,2,1,0,0,0,0,0,0,0,0,0,1,0,1,1,1,5,1,1,1,1,1,1,1,0,0,1,0,1,1,10,0,1103
105,11,3,1,0,0,0,0,0,0,0,0,0,1,0,1,1,1,5,1,1,1,1,1,1,1,0,0,1,0,1,1,10,0,1141
122,12,1,1,0,0,0,0,0,0,0,0,0,1,0,1,1,1,5,1,1,1,1,1,1,1,0,0,1,0,1,1,10,0,1122
279,29,4,1,0,0,0,0,0,0,0,0,0,1,0,1,1,1,5,1,1,1,1,1,1,1,0,0,1,0,1,1,10,0,1185
88,9,1,1,0,0,0,0,0,0,0,0,0,1,0,1,1,1,5,1,1,1,1,1,1,1,0,0,1,0,1,1,10,0,1129
72,7,1,1,0,0,0,0,0,0,0,0,0,1,0,1,1,1,5,1,1,1,1,1,1,1,0,0,1,0,1,1,10,0,1211
104,10,1,1,0,0,0,0,0,0,0,0,0,1,0,1,1,1,5,1,1,1,1,1,1,1,0,0,1,0,1,1,10,0,1193
30,3,1,1,0,0,0,0,0,0,0,0,0,1,0,1,1,1,5,1,1,1,1,1,1,1,0,0,1,0,1,1,10,0,1208
160,15,1,1,0,0,0,0,0,0,0,0,0,1,0,1,1,1,5,1,1,1,1,1,1,1,0,0,1,0,1,1,10,0,1220
263,25,4,1,0,0,0,0,0,0,0,0,0,1,0,1,1,1,5,1,1,1,1,1,1,1,0,0,1,0,1,1,10,0,1255
76,7,1,1,0,0,0,0,0,0,0,0,0,1,0,1,1,1,5,1,1,1,1,1,1,1,0,0,1,0,1,1,10,0,1218
204,19,3,1,0,0,0,0,0,0,0,0,0,1,0,1,1,1,5,1,1,1,1,1,1,1,0,0,1,0,1,1,10,0,1239
105,10,1,1,0,0,0,0,0,0,0,0,0,1,0,1,1,1,5,1,1,1,1,1,1,1,0,0,1,0,1,1,10,0,1227
127,12,4,1,0,0,0,0,0,0,0,0,0,1,0,1,1,1,5,1,1,1,1,1,1,1,0,0,1,0,1,1,10,0,1257
137,12,1,1,0,0,0,0,0,0,0,0,0,1,0,1,1,1,5,1,1,1,1,1,1,1,0,0,1,0,1,1,10,0,1281
55,5,1,1,0,0,0,0,0,0,0,0,0,1,0,1,1,1,5,1,1,1,1,1,1,1,0,0,1,0,1,1,10,0,1223
218,19,3,1,0,0,0,0,0,0,0,0,0,1,0,1,1,1,5,1,1,1,1,1,1,1,0,0,1,0,1,1,10,1,1260
149,13,2,1,0,0,0,0,0,0,0,0,0,1,0,1,1,1,5,1,1,1,1,1,1,1,0,0,1,0,1,1,10,0,1265
97,8,2,1,0,0,0,0,0,0,0,0,0,1,0,1,1,1,5,1,1,1,1,1,1,1,0,0,1,0,1,1,10,0,1371
46,4,1,1,0,0,0,0,0,0,0,0,0,1,0,1,1,1,5,1,1,1,1,1,1,1,0,0,1,0,1,1,10,0,1297
298,25,5,1,0,0,0,0,0,0,0,0,0,1,0,1,1,1,5,1,1,1,1,1,1,1,0,0,1,0,1,1,10,0,1348
86,7,2,1,0,0,0,0,0,0,0,0,0,1,0,1,1,1,5,1,1,1,1,1,1,1,0,0,1,0,1,1,10,0,1361
192,16,4,1,0,0,0,0,0,0,0,0,0,1,0,1,1,1,5,1,1,1,1,1,1,1,0,0,1,0,1,1,10,0,1332
84,7,1,1,0,0,0,0,0,0,0,0,0,1,0,1,1,1,5,1,1,1,1,1,1,1,0,0,1,0,1,1,10,0,1360
69,6,1,1,0,0,0,0,0,0,0,0,0,1,0,1,1,1,5,1,1,1,1,1,1,1,0,0,1,0,1,1,10,0,1307
95,8,1,1,0,0,0,0,0,0,0,0,0,1,0,1,1,1,5,1,1,1,1,1,1,1,0,0,1,0,1,1,10,0,1304
118,10,1,1,0,0,0,0,0,0,0,0,0,1,0,1,1,1,5,1,1,1,1,1,1,1,0,0,1,0,1,1,10,0,1322
133,12,2,1,0,0,0,0,0,0,0,0,0,1,0,1,1,1,5,1,1,1,1,1,1,1,0,0,1,0,1,1,10,0,1383
260,22,3,1,0,0,0,0,0,0,0,0,0,1,0,1,1,1,5,1,1,1,1,1,1,1,0,0,1,0,1,1,10,0,1318
53,4,2,1,0,0,0,0,0,0,0,0,0,1,0,1,1,1,5,1,1,1,1,1,1,1,0,0,1,0,1,1,10,0,1470
13,1,1,1,0,0,0,0,0,0,0,0,0,1,0,1,1,1,5,1,1,1,1,1,1,1,0,0,1,0,1,1,10,0,1477
64,5,1,1,0,0,0,0,0,0,0,0,0,1,0,1,1,1,5,1,1,1,1,1,1,1,0,0,1,0,1,1,10,0,1473
425,34,3,1,0,0,0,0,0,0,0,0,0,1,0,1,1,1,5,1,1,1,1,1,1,1,0,0,1,0,1,1,10,0,1456
63,5,1,1,0,0,0,0,0,0,0,0,0,1,0,1,1,1,5,1,1,1,1,1,1,1,0,0,1,0,1,1,10,0,1406
678,52,6,1,0,0,0,0,0,0,0,0,0,1,0,1,1,1,5,1,1,1,1,1,1,1,0,0,1,0,1,1,10,2,1449
179,14,6,1,0,0,0,0,0,0,0,0,0,1,0,1,1,1,5,1,1,1,1,1,1,1,0,0,1,0,1,1,10,1,1439
56,4,1,1,0,0,0,0,0,0,0,0,0,1,0,1,1,1,5,1,1,1,1,1,1,1,0,0,1,0,1,1,10,0,1541
164,12,1,1,0,0,0,0,0,0,0,0,0,1,0,1,1,1,5,1,1,1,1,1,1,1,0,0,1,0,1,1,10,1,1495
213,15,3,1,0,0,0,0,0,0,0,0,0,1,0,1,1,1,5,1,1,1,1,1,1,1,0,0,1,0,1,1,10,1,1509
28,2,2,1,0,0,0,0,0,0,0,0,0,1,0,1,1,1,5,1,1,1,1,1,1,1,0,0,1,0,1,1,10,0,1538
197,14,1,1,0,0,0,0,0,0,0,0,0,1,0,1,1,1,5,1,1,1,1,1,1,1,0,0,1,0,1,1,10,0,1512
402,29,8,1,0,0,0,0,0,0,0,0,0,1,0,1,1,1,5,1,1,1,1,1,1,1,0,0,1,0,1,1,10,0,1525
237,17,3,1,0,0,0,0,0,0,0,0,0,1,0,1,1,1,5,1,1,1,1,1,1,1,0,0,1,0,1,1,10,0,1556
502,35,5,1,0,0,0,0,0,0,0,0,0,1,0,1,1,1,5,1,1,1,1,1,1,1,0,0,1,0,1,1,10,0,1530
166,12,1,1,0,0,0,0,0,0,0,0,0,1,0,1,1,1,5,1,1,1,1,1,1,1,0,0,1,0,1,1,10,0,1561
554,40,4,1,0,0,0,0,0,0,0,0,0,1,0,1,1,1,5,1,1,1,1,1,1,1,0,0,1,0,1,1,10,0,1540
160,11,1,1,0,0,0,0,0,0,0,0,0,1,0,1,1,1,5,1,1,1,1,1,1,1,0,0,1,0,1,1,10,0,1579
107,7,1,1,0,0,0,0,0,0,0,0,0,1,0,1,1,1,5,1,1,1,1,1,1,1,0,0,1,0,1,1,10,0,1581
233,16,3,1,0,0,0,0,0,0,0,0,0,1,0,1,1,1,5,1,1,1,1,1,1,1,0,0,1,0,1,1,10,0,1588
180,12,1,1,0,0,0,0,0,0,0,0,0,1,0,1,1,1,5,1,1,1,1,1,1,1,0,0,1,0,1,1,10,0,1573
325,21,1,1,0,0,0,0,0,0,0,0,0,1,0,1,1,1,5,1,1,1,1,1,1,1,0,0,1,0,1,1,10,0,1640
192,13,1,1,0,0,0,0,0,0,0,0,0,1,0,1,1,1,5,1,1,1,1,1,1,1,0,0,1,0,1,1,10,0,1629
44,3,1,1,0,0,0,0,0,0,0,0,0,1,0,1,1,1,5,1,1,1,1,1,1,1,0,0,1,0,1,1,10,0,1632
250,17,5,1,0,0,0,0,0,0,0,0,0,1,0,1,1,1,5,1,1,1,1,1,1,1,0,0,1,0,1,1,10,0,1612
320,20,4,1,0,0,0,0,0,0,0,0,0,1,0,1,1,1,5,1,1,1,1,1,1,1,0,0,1,0,1,1,10,0,1695
221,14,2,1,0,0,0,0,0,0,0,0,0,1,0,1,1,1,5,1,1,1,1,1,1,1,0,0,1,0,1,1,10,0,1711
716,44,4,1,0,0,0,0,0,0,0,0,0,1,0,1,1,1,5,1,1,1,1,1,1,1,0,0,1,0,1,1,10,2,1685
475,29,4,1,0,0,0,0,0,0,0,0,0,1,0,1,1,1,5,1,1,1,1,1,1,1,0,0,1,0,1,1,10,0,1672
162,10,1,1,0,0,0,0,0,0,0,0,0,1,0,1,1,1,5,1,1,1,1,1,1,1,0,0,1,0,1,1,10,0,1722
184,11,2,1,0,0,0,0,0,0,0,0,0,1,0,1,1,1,5,1,1,1,1,1,1,1,0,0,1,0,1,1,10,0,1750
217,13,2,1,0,0,0,0,0,0,0,0,0,1,0,1,1,1,5,1,1,1,1,1,1,1,0,0,1,0,1,1,10,2,1771
101,6,2,1,0,0,0,0,0,0,0,0,0,1,0,1,1,1,5,1,1,1,1,1,1,1,0,0,1,0,1,1,10,0,1785
347,21,2,1,0,0,0,0,0,0,0,0,0,1,0,1,1,1,5,1,1,1,1,1,1,1,0,0,1,0,1,1,10,0,1787
665,39,6,1,0,0,0,0,0,0,0,0,0,1,0,1,1,1,5,1,1,1,1,1,1,1,0,0,1,0,1,1,10,0,1753
202,12,1,1,0,0,0,0,0,0,0,0,0,1,0,1,1,1,5,1,1,1,1,1,1,1,0,0,1,0,1,1,10,0,1793
34,2,1,1,0,0,0,0,0,0,0,0,0,1,0,1,1,1,5,1,1,1,1,1,1,1,0,0,1,0,1,1,10,0,1735
601,34,5,1,0,0,0,0,0,0,0,0,0,1,0,1,1,1,5,1,1,1,1,1,1,1,0,0,1,0,1,1,10,1,1839
166,9,4,1,0,0,0,0,0,0,0,0,0,1,0,1,1,1,5,1,1,1,1,1,1,1,0,0,1,0,1,1,10,0,1823
115,6,1,1,0,0,0,0,0,0,0,0,0,1,0,1,1,1,5,1,1,1,1,1,1,1,0,0,1,0,1,1,10,0,1879
171,9,2,1,0,0,0,0,0,0,0,0,0,1,0,1,1,1,5,1,1,1,1,1,1,1,0,0,1,0,1,1,10,0,1884
130,7,1,1,0,0,0,0,0,0,0,0,0,1,0,1,1,1,5,1,1,1,1,1,1,1,0,0,1,0,1,1,10,1,1933
908,48,5,1,0,0,0,0,0,0,0,0,0,1,0,1,1,1,5,1,1,1,1,1,1,1,0,0,1,0,1,1,10,0,1925
592,31,6,1,0,0,0,0,0,0,0,0,0,1,0,1,1,1,5,1,1,1,1,1,1,1,0,0,1,0,1,1,10,2,1891
174,9,1,1,0,0,0,0,0,0,0,0,0,1,0,1,1,1,5,1,1,1,1,1,1,1,0,0,1,0,1,1,10,0,1944
186,10,1,1,0,0,0,0,0,0,0,0,0,1,0,1,1,1,5,1,1,1,1,1,1,1,0,0,1,0,1,1,10,0,1939
947,50,12,1,0,0,0,0,0,0,0,0,0,1,0,1,1,1,5,1,1,1,1,1,1,1,0,0,1,0,1,1,10,0,1887
135,7,1,1,0,0,0,0,0,0,0,0,0,1,0,1,1,1,5,1,1,1,1,1,1,1,0,0,1,0,1,1,10,0,1878
250,13,3,1,0,0,0,0,0,0,0,0,0,1,0,1,1,1,5,1,1,1,1,1,1,1,0,0,1,0,1,1,10,0,1908
140,7,1,1,0,0,0,0,0,0,0,0,0,1,0,1,1,1,5,1,1,1,1,1,1,1,0,0,1,0,1,1,10,0,1970
261,13,2,1,0,0,0,0,0,0,0,0,0,1,0,1,1,1,5,1,1,1,1,1,1,1,0,0,1,0,1,1,10,0,1975
196,10,2,1,0,0,0,0,0,0,0,0,0,1,0,1,1,1,5,1,1,1,1,1,1,1,0,0,1,0,1,1,10,0,1980
59,3,1,1,0,0,0,0,0,0,0,0,0,1,0,1,1,1,5,1,1,1,1,1,1,1,0,0,1,0,1,1,10,0,1999
126,6,1,1,0,0,0,0,0,0,0,0,0,1,0,1,1,1,5,1,1,1,1,1,1,1,0,0,1,0,1,1,10,0,2069
145,7,1,1,0,0,0,0,0,0,0,0,0,1,0,1,1,1,5,1,1,1,1,1,1,1,0,0,1,0,1,1,10,0,2012
236,11,1,1,0,0,0,0,0,0,0,0,0,1,0,1,1,1,5,1,1,1,1,1,1,1,0,0,1,0,1,1,10,0,2016
491,23,3,1,0,0,0,0,0,0,0,0,0,1,0,1,1,1,5,1,1,1,1,1,1,1,0,0,1,0,1,1,10,0,2064
42,2,1,1,0,0,0,0,0,0,0,0,0,1,0,1,1,1,5,1,1,1,1,1,1,1,0,0,1,0,1,1,10,1,2039
336,16,2,1,0,0,0,0,0,0,0,0,0,1,0,1,1,1,5,1,1,1,1,1,1,1,0,0,1,0,1,1,10,0,2055
249,12,2,1,0,0,0,0,0,0,0,0,0,1,0,1,1,1,5,1,1,1,1,1,1,1,0,0,1,0,1,1,10,0,2056
223,10,4,1,0,0,0,0,0,0,0,0,0,1,0,1,1,1,5,1,1,1,1,1,1,1,0,0,1,0,1,1,10,1,2109
199,9,1,1,0,0,0,0,0,0,0,0,0,1,0,1,1,1,5,1,1,1,1,1,1,1,0,0,1,0,1,1,10,0,2099
290,18,4,1,0,0,0,0,0,0,0,0,0,1,0,1,1,1,5,1,1,1,1,1,1,1,0,0,1,0,1,1,10,0,2121
216,10,2,1,0,0,0,0,0,0,0,0,0,1,0,1,1,1,5,1,1,1,1,1,1,1,0,0,1,0,1,1,10,0,2117
397,17,1,1,0,0,0,0,0,0,0,0,0,1,0,1,1,1,5,1,1,1,1,1,1,1,0,0,1,0,1,1,10,0,2161
546,24,4,1,0,0,0,0,0,0,0,0,0,1,0,1,1,1,5,1,1,1,1,1,1,1,0,0,1,0,1,1,10,0,2175
367,16,2,1,0,0,0,0,0,0,0,0,0,1,0,1,1,1,5,1,1,1,1,1,1,1,0,0,1,0,1,1,10,0,2177
982,43,7,1,0,0,0,0,0,0,0,0,0,1,0,1,1,1,5,1,1,1,1,1,1,1,0,0,1,0,1,1,10,0,2191
752,31,5,1,0,0,0,0,0,0,0,0,0,1,0,1,1,1,5,1,1,1,1,1,1,1,0,0,1,0,1,1,10,0,2246
661,27,3,1,0,0,0,0,0,0,0,0,0,1,0,1,1,1,5,1,1,1,1,1,1,1,0,0,1,0,1,1,10,0,2242
314,13,1,1,0,0,0,0,0,0,0,0,0,1,0,1,1,1,5,1,1,1,1,1,1,1,0,0,1,0,1,1,10,0,2214
378,16,2,1,0,0,0,0,0,0,0,0,0,1,0,1,1,1,5,1,1,1,1,1,1,1,0,0,1,0,1,1,10,0,2243
1323,55,14,1,0,0,0,0,0,0,0,0,0,1,0,1,1,1,5,1,1,1,1,1,1,1,0,0,1,0,1,1,10,0,2241
752,31,5,1,0,0,0,0,0,0,0,0,0,1,0,1,1,1,5,1,1,1,1,1,1,1,0,0,1,0,1,1,10,0,2246
149,6,1,1,0,0,0,0,0,0,0,0,0,1,0,1,1,1,5,1,1,1,1,1,1,1,0,0,1,0,1,1,10,0,2283
174,7,1,1,0,0,0,0,0,0,0,0,0,1,0,1,1,1,5,1,1,1,1,1,1,1,0,0,1,0,1,1,10,0,2311
395,16,1,1,0,0,0,0,0,0,0,0,0,1,0,1,1,1,5,1,1,1,1,1,1,1,0,0,1,0,1,1,10,0,2325
251,10,1,1,0,0,0,0,0,0,0,0,0,1,0,1,1,1,5,1,1,1,1,1,1,1,0,0,1,0,1,1,10,0,2276
1192,48,4,1,0,0,0,0,0,0,0,0,0,1,0,1,1,1,5,1,1,1,1,1,1,1,0,0,1,0,1,1,10,0,2297
450,18,2,1,0,0,0,0,0,0,0,0,0,1,0,1,1,1,5,1,1,1,1,1,1,1,0,0,1,0,1,1,10,0,2293
129,5,2,1,0,0,0,0,0,0,0,0,0,1,0,1,1,1,5,1,1,1,1,1,1,1,0,0,1,0,1,1,10,0,2339
284,11,1,1,0,0,0,0,0,0,0,0,0,1,0,1,1,1,5,1,1,1,1,1,1,1,0,0,1,0,1,1,10,0,2328
235,9,1,1,0,0,0,0,0,0,0,0,0,1,0,1,1,1,5,1,1,1,1,1,1,1,0,0,1,0,1,1,10,0,2329
561,22,8,1,0,0,0,0,0,0,0,0,0,1,0,1,1,1,5,1,1,1,1,1,1,1,0,0,1,0,1,1,10,0,2358
82,3,1,1,0,0,0,0,0,0,0,0,0,1,0,1,1,1,5,1,1,1,1,1,1,1,0,0,1,0,1,1,10,0,2387
301,11,5,1,0,0,0,0,0,0,0,0,0,1,0,1,1,1,5,1,1,1,1,1,1,1,0,0,1,0,1,1,10,0,2398
589,22,3,1,0,0,0,0,0,0,0,0,0,1,0,1,1,1,5,1,1,1,1,1,1,1,0,0,1,0,1,1,10,0,2413
187,7,1,1,0,0,0,0,0,0,0,0,0,1,0,1,1,1,5,1,1,1,1,1,1,1,0,0,1,0,1,1,10,0,2385
159,6,1,1,0,0,0,0,0,0,0,0,0,1,0,1,1,1,5,1,1,1,1,1,1,1,0,0,1,0,1,1,10,0,2428
266,10,1,1,0,0,0,0,0,0,0,0,0,1,0,1,1,1,5,1,1,1,1,1,1,1,0,0,1,0,1,1,10,0,2386
751,27,5,1,0,0,0,0,0,0,0,0,0,1,0,1,1,1,5,1,1,1,1,1,1,1,0,0,1,0,1,1,10,0,2460
196,7,1,1,0,0,0,0,0,0,0,0,0,1,0,1,1,1,5,1,1,1,1,1,1,1,0,0,1,0,1,1,10,0,2469
1238,45,4,1,0,0,0,0,0,0,0,0,0,1,0,1,1,1,5,1,1,1,1,1,1,1,0,0,1,0,1,1,10,1,2461
304,11,2,1,0,0,0,0,0,0,0,0,0,1,0,1,1,1,5,1,1,1,1,1,1,1,0,0,1,0,1,1,10,0,2470
698,24,4,1,0,0,0,0,0,0,0,0,0,1,0,1,1,1,5,1,1,1,1,1,1,1,0,0,1,0,1,1,10,0,2491
351,12,1,1,0,0,0,0,0,0,0,0,0,1,0,1,1,1,5,1,1,1,1,1,1,1,0,0,1,0,1,1,10,0,2475
314,11,2,1,0,0,0,0,0,0,0,0,0,1,0,1,1,1,5,1,1,1,1,1,1,1,0,0,1,0,1,1,10,0,2485
3217,107,14,1,0,0,0,0,0,0,0,0,0,1,0,1,1,1,5,1,1,1,1,1,1,1,0,0,1,0,1,1,10,1,2533
663,22,4,1,0,0,0,0,0,0,0,0,0,1,0,1,1,1,5,1,1,1,1,1,1,1,0,0,1,0,1,1,10,0,2542
329,11,2,1,0,0,0,0,0,0,0,0,0,1,0,1,1,1,5,1,1,1,1,1,1,1,0,0,1,0,1,1,10,0,2539
305,10,1,1,0,0,0,0,0,0,0,0,0,1,0,1,1,1,5,1,1,1,1,1,1,1,0,0,1,0,1,1,10,0,2558
584,19,5,1,0,0,0,0,0,0,0,0,0,1,0,1,1,1,5,1,1,1,1,1,1,1,0,0,1,0,1,1,10,0,2590
702,22,3,1,0,0,0,0,0,0,0,0,0,1,0,1,1,1,5,1,1,1,1,1,1,1,0,0,1,0,1,1,10,0,2617
2061,65,4,1,0,0,0,0,0,0,0,0,0,1,0,1,1,1,5,1,1,1,1,1,1,1,0,0,1,0,1,1,10,0,2622
392,12,1,1,0,0,0,0,0,0,0,0,0,1,0,1,1,1,5,1,1,1,1,1,1,1,0,0,1,0,1,1,10,0,2656
717,21,7,1,0,0,0,0,0,0,0,0,0,1,0,1,1,1,5,1,1,1,1,1,1,1,0,0,1,0,1,1,10,0,2690
1158,34,5,1,0,0,0,0,0,0,0,0,0,1,0,1,1,1,5,1,1,1,1,1,1,1,0,0,1,0,1,1,10,0,2700
1181,35,5,1,0,0,0,0,0,0,0,0,0,1,0,1,1,1,5,1,1,1,1,1,1,1,0,0,1,0,1,1,10,0,2698
470,14,4,1,0,0,0,0,0,0,0,0,0,1,0,1,1,1,5,1,1,1,1,1,1,1,0,0,1,0,1,1,10,0,2691
1149,34,3,1,0,0,0,0,0,0,0,0,0,1,0,1,1,1,5,1,1,1,1,1,1,1,0,0,1,0,1,1,10,0,2707
134,4,3,1,0,0,0,0,0,0,0,0,0,1,0,1,1,1,5,1,1,1,1,1,1,1,0,0,1,0,1,1,10,0,2692
947,27,6,1,0,0,0,0,0,0,0,0,0,1,0,1,1,1,5,1,1,1,1,1,1,1,0,0,1,0,1,1,10,0,2735
318,9,1,1,0,0,0,0,0,0,0,0,0,1,0,1,1,1,5,1,1,1,1,1,1,1,0,0,1,0,1,1,10,1,2719
921,26,4,1,0,0,0,0,0,0,0,0,0,1,0,1,1,1,5,1,1,1,1,1,1,1,0,0,1,0,1,1,10,0,2744
317,9,1,1,0,0,0,0,0,0,0,0,0,1,0,1,1,1,5,1,1,1,1,1,1,1,0,0,1,0,1,1,10,0,2732
1411,38,1,1,0,0,0,0,0,0,0,0,0,1,0,1,1,1,5,1,1,1,1,1,1,1,0,0,1,0,1,1,10,0,2794
4109,109,8,1,0,0,0,0,0,0,0,0,0,1,0,1,1,1,5,1,1,1,1,1,1,1,0,0,1,0,1,1,10,0,2825
765,20,3,1,0,0,0,0,0,0,0,0,0,1,0,1,1,1,5,1,1,1,1,1,1,1,0,0,1,0,1,1,10,0,2827
614,16,2,1,0,0,0,0,0,0,0,0,0,1,0,1,1,1,5,1,1,1,1,1,1,1,0,0,1,0,1,1,10,0,2819
301,8,1,1,0,0,0,0,0,0,0,0,0,1,0,1,1,1,5,1,1,1,1,1,1,1,0,0,1,0,1,1,10,0,2835
1012,26,3,1,0,0,0,0,0,0,0,0,0,1,0,1,1,1,5,1,1,1,1,1,1,1,0,0,1,0,1,1,10,0,2865
846,21,3,1,0,0,0,0,0,0,0,0,0,1,0,1,1,1,5,1,1,1,1,1,1,1,0,0,1,0,1,1,10,0,2885
768,18,4,1,0,0,0,0,0,0,0,0,0,1,0,1,1,1,5,1,1,1,1,1,1,1,0,0,1,0,1,1,10,0,2955
3374,75,6,1,0,0,0,0,0,0,0,0,0,1,0,1,1,1,5,1,1,1,1,1,1,1,0,0,1,0,1,1,10,2,2993
456,10,1,1,0,0,0,0,0,0,0,0,0,1,0,1,1,1,5,1,1,1,1,1,1,1,0,0,1,0,1,1,10,0,3016
871,18,4,1,0,0,0,0,0,0,0,0,0,1,0,1,1,1,5,1,1,1,1,1,1,1,0,0,1,0,1,1,10,0,3046
821,16,1,1,0,0,0,0,0,0,0,0,0,1,0,1,1,1,5,1,1,1,1,1,1,1,0,0,1,0,1,1,10,0,3096
5335,102,18,1,0,0,0,0,0,0,0,0,0,1,0,1,1,1,5,1,1,1,1,1,1,1,0,0,1,0,1,1,10,0,3108
367,7,1,1,0,0,0,0,0,0,0,0,0,1,0,1,1,1,5,1,1,1,1,1,1,1,0,0,1,0,1,1,10,0,3100
1282,24,2,1,0,0,0,0,0,0,0,0,0,1,0,1,1,1,5,1,1,1,1,1,1,1,0,0,1,0,1,1,10,0,3120
217,4,1,1,0,0,0,0,0,0,0,0,0,1,0,1,1,1,5,1,1,1,1,1,1,1,0,0,1,0,1,1,10,0,3131
270,5,1,1,0,0,0,0,0,0,0,0,0,1,0,1,1,1,5,1,1,1,1,1,1,1,0,0,1,0,1,1,10,0,3129
1921,35,3,1,0,0,0,0,0,0,0,0,0,1,0,1,1,1,5,1,1,1,1,1,1,1,0,0,1,0,1,1,10,0,3146
1458,25,2,1,0,0,0,0,0,0,0,0,0,1,0,1,1,1,5,1,1,1,1,1,1,1,0,0,1,0,1,1,10,0,3172
176,13,1,1,0,0,0,0,0,0,0,0,0,1,0,1,1,1,5,1,1,1,1,1,1,1,0,0,1,0,1,1,10,0,3188
1033,17,4,1,0,0,0,0,0,0,0,0,0,1,0,1,1,1,5,1,1,1,1,1,1,1,0,0,1,0,1,1,10,0,3213
565,9,3,1,0,0,0,0,0,0,0,0,0,1,0,1,1,1,5,1,1,1,1,1,1,1,0,0,1,0,1,1,10,0,3228
658,10,1,1,0,0,0,0,0,0,0,0,0,1,0,1,1,1,5,1,1,1,1,1,1,1,0,0,1,0,1,1,10,0,3259
3067,45,2,1,0,0,0,0,0,0,0,0,0,1,0,1,1,1,5,1,1,1,1,1,1,1,0,0,1,0,1,1,10,0,3275
4694,68,7,1,0,0,0,0,0,0,0,0,0,1,0,1,1,1,5,1,1,1,1,1,1,1,0,0,1,0,1,1,10,1,3281
1261,16,2,1,0,0,0,0,0,0,0,0,0,1,0,1,1,1,5,1,1,1,1,1,1,1,0,0,1,0,1,1,10,0,3330
2978,37,4,1,0,0,0,0,0,0,0,0,0,1,0,1,1,1,5,1,1,1,1,1,1,1,0,0,1,0,1,1,10,0,3342
1143,14,2,1,0,0,0,0,0,0,0,0,0,1,0,1,1,1,5,1,1,1,1,1,1,1,0,0,1,0,1,1,10,0,3356
88,1,1,1,0,0,0,0,0,0,0,0,0,1,0,1,1,1,5,1,1,1,1,1,1,1,0,0,1,0,1,1,10,0,3371
646,7,2,1,0,0,0,0,0,0,0,0,0,1,0,1,1,1,5,1,1,1,1,1,1,1,0,0,1,0,1,1,10,0,3384
1084,10,4,1,0,0,0,0,0,0,0,0,0,1,0,1,1,1,5,1,1,1,1,1,1,1,0,0,1,0,1,1,10,0,3425
3675,32,4,1,0,0,0,0,0,0,0,0,0,1,0,1,1,1,5,1,1,1,1,1,1,1,0,0,1,0,1,1,10,0,3439
3584,573,60,1,1,1,1,1,0,1,1,1,1,1,1,1,1,1,14,1,1,1,1,1,1,1,1,1,1,1,1,1,13,3,19
8427,300,15,1,0,1,1,1,0,1,1,1,1,1,1,1,1,1,13,1,1,1,1,1,1,1,1,1,1,1,1,1,13,3,22
2041,107,11,1,1,1,0,0,1,0,1,0,1,1,1,1,1,1,11,1,1,1,1,1,1,1,1,1,1,1,1,1,13,2,44
6412,172,27,1,1,1,1,1,0,1,1,1,0,1,1,1,1,1,13,1,1,1,1,1,1,1,0,1,1,1,1,1,12,2,49
9474,324,25,1,0,0,0,0,0,0,0,0,0,1,0,1,1,1,5,1,1,1,1,1,1,1,0,0,1,0,1,1,10,3,79
397,65,11,1,0,0,0,0,0,0,0,0,0,1,0,1,1,1,5,1,1,1,1,1,1,1,0,0,1,0,1,1,10,1,97
4418,242,19,1,0,1,0,0,0,1,1,1,0,1,0,1,1,1,8,0,0,1,1,0,1,0,0,0,1,0,0,0,4,2,113
863,57,14,1,0,1,1,0,0,0,1,1,0,1,0,1,1,1,9,1,1,1,1,1,1,1,0,0,1,0,1,1,10,0,117
4096,167,14,1,0,0,0,0,0,0,0,0,0,1,0,1,1,1,5,1,1,1,1,1,1,1,0,0,1,0,1,1,10,0,132
2991,84,6,1,0,1,0,0,1,1,1,1,1,1,1,1,1,1,12,1,1,1,1,1,1,1,0,1,1,1,1,1,12,3,139
3233,121,8,1,0,0,0,0,0,0,0,1,0,0,0,1,1,1,5,0,1,1,0,0,0,0,0,0,0,1,1,0,4,3,144
4641,167,11,1,1,1,0,0,1,1,1,1,0,1,1,1,1,1,12,1,1,1,1,1,1,1,1,1,1,1,1,1,13,2,149
4013,172,31,1,0,1,0,0,0,0,0,0,0,1,0,1,1,1,6,1,1,1,1,1,1,1,0,0,1,0,1,1,10,2,153
17764,336,26,0,0,1,0,0,0,1,0,1,0,1,0,1,1,1,7,0,1,1,1,1,1,1,0,0,0,0,0,1,7,2,158
4235,299,26,1,0,0,0,0,0,0,0,0,0,1,0,1,1,1,5,1,1,1,1,1,1,1,0,0,1,0,1,1,10,2,159
4408,147,6,1,0,0,0,0,0,0,0,0,0,1,0,1,1,1,5,1,1,1,1,1,1,1,0,0,1,0,1,1,10,2,165
11733,227,22,1,1,1,1,1,0,1,1,1,0,1,1,1,1,1,13,1,1,1,1,1,1,1,1,1,1,1,1,1,13,2,166
10231,299,26,1,0,0,0,0,0,1,1,0,0,1,0,1,1,1,7,1,1,1,1,1,1,1,0,0,1,0,1,1,10,2,170
10421,234,25,0,0,0,0,0,0,1,0,1,0,0,0,1,1,1,5,0,1,1,1,0,1,0,0,1,0,0,0,1,6,2,173
5389,152,16,1,1,1,0,0,1,1,1,0,0,1,1,1,1,1,11,1,1,1,1,1,1,1,0,1,1,1,1,1,12,0,175
634,36,4,0,0,1,0,0,0,0,1,1,0,1,1,1,1,1,8,1,1,1,1,1,1,1,1,1,1,1,1,1,13,0,183
1502,123,16,1,0,0,0,0,0,0,0,0,0,1,0,1,1,1,5,1,1,1,1,1,1,1,0,0,1,0,1,1,10,0,185
5383,103,24,1,0,0,0,0,0,0,0,0,0,1,0,1,1,1,5,1,1,1,1,1,1,1,0,0,1,0,1,1,10,0,187
4633,157,16,1,0,0,0,0,0,0,0,0,0,1,0,1,1,1,5,1,1,1,1,1,1,1,0,0,1,0,1,1,10,2,194
7507,223,29,1,0,0,0,0,0,0,0,0,0,1,0,1,1,1,5,1,1,1,1,1,1,1,0,0,1,0,1,1,10,2,196
5873,138,32,1,0,1,1,1,1,1,1,1,0,1,1,1,1,1,13,1,1,1,1,1,1,1,0,1,1,0,1,1,11,2,202
4725,107,16,1,0,0,0,0,0,0,0,0,0,1,0,1,1,1,5,1,1,1,1,1,1,1,0,0,1,0,1,1,10,1,216
2474,70,14,1,0,1,0,0,0,1,0,1,0,1,0,1,1,1,8,1,1,1,1,1,1,1,0,0,1,0,1,1,10,1,217
5809,248,20,1,0,1,0,1,0,1,1,1,1,1,1,1,1,1,12,1,1,1,1,1,1,1,1,1,1,1,1,1,13,3,218
2177,95,16,1,1,1,0,0,0,0,1,1,0,1,0,1,1,1,9,1,1,1,1,1,1,1,1,1,1,1,1,1,13,0,221
21645,251,29,1,0,0,0,0,0,0,0,0,0,1,0,1,1,1,5,1,1,1,1,1,1,1,0,0,1,0,1,1,10,1,224
794,57,9,1,0,1,0,1,0,1,1,0,0,1,0,1,1,1,9,1,1,1,1,1,1,1,1,1,1,1,1,1,13,1,226
5059,116,18,1,0,1,0,0,0,0,1,1,0,1,0,1,1,1,8,1,1,1,1,1,1,1,1,1,1,1,1,1,13,1,253
2137,73,15,1,0,1,0,0,0,1,1,0,0,1,1,1,1,1,9,1,1,1,1,1,1,1,1,1,1,0,1,1,12,1,257
1299,71,8,0,0,0,0,0,0,0,1,1,0,0,0,1,0,1,4,1,1,1,1,0,1,0,0,0,0,0,1,0,7,2,265
673,61,29,1,0,1,0,1,0,0,1,0,0,1,0,1,1,1,8,1,1,1,1,1,1,1,1,1,1,1,1,1,13,1,270
5167,92,11,1,0,1,0,0,0,1,1,1,0,1,0,1,1,1,9,1,1,1,1,1,1,1,0,1,1,1,1,1,12,0,272
2009,75,11,1,0,0,0,0,0,0,0,0,0,1,0,1,1,1,5,1,1,1,1,1,1,1,0,0,1,0,1,1,10,2,278
817,66,4,1,0,0,0,0,0,0,0,0,0,1,0,1,1,1,5,1,1,1,1,1,1,1,0,0,1,0,1,1,10,2,284
1074,50,6,1,1,1,0,0,1,0,1,0,0,1,0,1,1,1,9,1,1,1,1,1,1,1,0,1,1,1,1,1,12,0,312
493,53,8,1,0,0,0,0,0,0,0,0,0,1,0,1,1,1,5,1,1,1,1,1,1,1,0,0,1,0,1,1,10,0,313
8386,236,29,1,0,0,0,0,0,0,1,0,0,1,0,1,1,1,6,1,1,1,1,1,1,1,0,0,1,1,1,1,11,2,320
1908,73,5,1,0,1,0,0,0,0,1,0,0,1,0,1,1,1,7,1,1,1,1,1,1,1,0,1,1,1,1,1,12,0,325
678,20,2,1,0,1,0,0,0,1,1,0,0,1,0,1,1,1,8,1,1,1,1,1,1,1,1,1,1,1,1,1,13,0,331
7081,231,24,1,0,0,0,0,0,0,0,0,0,1,0,1,1,1,5,1,1,1,1,1,1,1,0,0,1,0,1,1,10,0,333
2287,93,9,1,0,0,0,0,0,0,1,0,0,1,0,1,1,1,6,1,1,1,1,1,1,1,0,0,1,0,1,1,10,0,340
786,56,7,1,0,1,0,1,0,0,1,0,0,1,0,1,1,1,8,1,1,1,1,1,1,1,0,1,1,1,1,1,12,1,349
2846,119,19,1,0,1,0,0,0,0,1,0,0,1,1,1,1,1,8,1,1,1,1,1,1,1,1,1,1,1,1,1,13,1,351
3243,72,11,1,0,1,0,0,0,0,1,0,0,1,0,1,1,1,7,1,1,1,1,1,1,1,0,0,1,0,1,1,10,1,354
5833,212,18,1,0,0,0,0,0,0,0,0,0,1,0,1,1,1,5,1,1,1,1,1,1,1,0,0,1,0,1,1,10,0,355
